review_id,review_order,issue_type,ai_suggested_decision,ai_confidence,ai_reason_short,ai_is_final_decision,needs_human_confirmation,source_split,image_path,label_path,overlay_path,crop_path,gt_damage_area_count,pred_damage_area_count,fn_damage_area_count,fp_damage_area_count
tactile3-da-final-001,1,mixed_fn_fp_damage_area,fix_tactile_damage_area_bbox,medium,GT boxes look overly broad around localized chips,no,yes,val,datasets/walksafe_kr_tactile_3class_20260521/images/val/aihub513_tactile_2_09_1_1_1_1_20210726_0000026396.jpg,datasets/walksafe_kr_tactile_3class_20260521/labels/val/aihub513_tactile_2_09_1_1_1_1_20210726_0000026396.txt,docs/review/walksafe_tactile3_damage_area_20260522/final_overlays/001_mixed_fn_fp_damage_area_001_mixed_fn_fp_damage_area_aihub513_tactile_2_09_1_1_1_1_20210726_0000026396.jpg,docs/review/walksafe_tactile3_damage_area_20260522/final_crops/001_mixed_fn_fp_damage_area_001_mixed_fn_fp_damage_area_aihub513_tactile_2_09_1_1_1_1_20210726_0000026396.jpg,3,12,3,12
tactile3-da-final-002,2,mixed_fn_fp_damage_area,add_missing_tactile_damage_area,high,Multiple clear exposed concrete damage areas unlabeled,no,yes,val,datasets/walksafe_kr_tactile_3class_20260521/images/val/aihub513_tactile_2_09_1_1_1_1_20210806_0000118892.jpg,datasets/walksafe_kr_tactile_3class_20260521/labels/val/aihub513_tactile_2_09_1_1_1_1_20210806_0000118892.txt,docs/review/walksafe_tactile3_damage_area_20260522/final_overlays/002_mixed_fn_fp_damage_area_001_mixed_fn_fp_damage_area_aihub513_tactile_2_09_1_1_1_1_20210806_0000118892.jpg,docs/review/walksafe_tactile3_damage_area_20260522/final_crops/002_mixed_fn_fp_damage_area_001_mixed_fn_fp_damage_area_aihub513_tactile_2_09_1_1_1_1_20210806_0000118892.jpg,3,14,2,13
tactile3-da-final-003,3,mixed_fn_fp_damage_area,add_missing_tactile_damage_area,high,Several seam chips and spalls visible outside GT,no,yes,val,datasets/walksafe_kr_tactile_3class_20260521/images/val/aihub513_tactile_2_09_1_1_1_1_20210813_0000205406.jpg,datasets/walksafe_kr_tactile_3class_20260521/labels/val/aihub513_tactile_2_09_1_1_1_1_20210813_0000205406.txt,docs/review/walksafe_tactile3_damage_area_20260522/final_overlays/003_mixed_fn_fp_damage_area_002_mixed_fn_fp_damage_area_aihub513_tactile_2_09_1_1_1_1_20210813_0000205406.jpg,docs/review/walksafe_tactile3_damage_area_20260522/final_crops/003_mixed_fn_fp_damage_area_002_mixed_fn_fp_damage_area_aihub513_tactile_2_09_1_1_1_1_20210813_0000205406.jpg,3,14,2,13
tactile3-da-final-004,4,mixed_fn_fp_damage_area,fix_tactile_damage_area_bbox,medium,GT boxes broad and damage extent not tight,no,yes,val,datasets/walksafe_kr_tactile_3class_20260521/images/val/aihub513_tactile_2_09_1_1_1_2_20210729_0000026504.jpg,datasets/walksafe_kr_tactile_3class_20260521/labels/val/aihub513_tactile_2_09_1_1_1_2_20210729_0000026504.txt,docs/review/walksafe_tactile3_damage_area_20260522/final_overlays/004_mixed_fn_fp_damage_area_001_mixed_fn_fp_damage_area_aihub513_tactile_2_09_1_1_1_2_20210729_0000026504.jpg,docs/review/walksafe_tactile3_damage_area_20260522/final_crops/004_mixed_fn_fp_damage_area_001_mixed_fn_fp_damage_area_aihub513_tactile_2_09_1_1_1_2_20210729_0000026504.jpg,3,11,3,11
tactile3-da-final-005,5,mixed_fn_fp_damage_area,add_missing_tactile_damage_area,high,Many visible edge chips missing GT labels,no,yes,val,datasets/walksafe_kr_tactile_3class_20260521/images/val/aihub513_tactile_2_09_1_1_1_2_20210722_0000011874.jpg,datasets/walksafe_kr_tactile_3class_20260521/labels/val/aihub513_tactile_2_09_1_1_1_2_20210722_0000011874.txt,docs/review/walksafe_tactile3_damage_area_20260522/final_overlays/005_mixed_fn_fp_damage_area_001_mixed_fn_fp_damage_area_aihub513_tactile_2_09_1_1_1_2_20210722_0000011874.jpg,docs/review/walksafe_tactile3_damage_area_20260522/final_crops/005_mixed_fn_fp_damage_area_001_mixed_fn_fp_damage_area_aihub513_tactile_2_09_1_1_1_2_20210722_0000011874.jpg,3,14,2,13
tactile3-da-final-006,6,mixed_fn_fp_damage_area,add_missing_tactile_damage_area,medium,Repeated worn tactile ridges similar to labeled areas,no,yes,val,datasets/walksafe_kr_tactile_3class_20260521/images/val/aihub513_tactile_2_09_1_1_1_1_20210728_0000166643.jpg,datasets/walksafe_kr_tactile_3class_20260521/labels/val/aihub513_tactile_2_09_1_1_1_1_20210728_0000166643.txt,docs/review/walksafe_tactile3_damage_area_20260522/final_overlays/006_mixed_fn_fp_damage_area_002_mixed_fn_fp_damage_area_aihub513_tactile_2_09_1_1_1_1_20210728_0000166643.jpg,docs/review/walksafe_tactile3_damage_area_20260522/final_crops/006_mixed_fn_fp_damage_area_002_mixed_fn_fp_damage_area_aihub513_tactile_2_09_1_1_1_1_20210728_0000166643.jpg,3,11,3,11
tactile3-da-final-007,7,mixed_fn_fp_damage_area,fix_tactile_damage_area_bbox,medium,GT includes broad non-damage while cracks need tighter labels,no,yes,val,datasets/walksafe_kr_tactile_3class_20260521/images/val/aihub513_tactile_2_09_1_1_1_1_20210827_0000390431.jpg,datasets/walksafe_kr_tactile_3class_20260521/labels/val/aihub513_tactile_2_09_1_1_1_1_20210827_0000390431.txt,docs/review/walksafe_tactile3_damage_area_20260522/final_overlays/007_mixed_fn_fp_damage_area_001_mixed_fn_fp_damage_area_aihub513_tactile_2_09_1_1_1_1_20210827_0000390431.jpg,docs/review/walksafe_tactile3_damage_area_20260522/final_crops/007_mixed_fn_fp_damage_area_001_mixed_fn_fp_damage_area_aihub513_tactile_2_09_1_1_1_1_20210827_0000390431.jpg,3,11,3,11
tactile3-da-final-008,8,mixed_fn_fp_damage_area,accept_existing_labels,medium,Red boxes mostly cover seams or normal discoloration,no,yes,val,datasets/walksafe_kr_tactile_3class_20260521/images/val/aihub513_tactile_2_09_1_1_5_1_20211020_0000671699.jpg,datasets/walksafe_kr_tactile_3class_20260521/labels/val/aihub513_tactile_2_09_1_1_5_1_20211020_0000671699.txt,docs/review/walksafe_tactile3_damage_area_20260522/final_overlays/008_mixed_fn_fp_damage_area_001_mixed_fn_fp_damage_area_aihub513_tactile_2_09_1_1_5_1_20211020_0000671699.jpg,docs/review/walksafe_tactile3_damage_area_20260522/final_crops/008_mixed_fn_fp_damage_area_001_mixed_fn_fp_damage_area_aihub513_tactile_2_09_1_1_5_1_20211020_0000671699.jpg,3,11,3,11
tactile3-da-final-009,9,mixed_fn_fp_damage_area,add_missing_tactile_damage_area,medium,Large seam gouge appears unlabeled,no,yes,val,datasets/walksafe_kr_tactile_3class_20260521/images/val/aihub513_tactile_2_09_1_1_4_1_20210917_0000515986.jpg,datasets/walksafe_kr_tactile_3class_20260521/labels/val/aihub513_tactile_2_09_1_1_4_1_20210917_0000515986.txt,docs/review/walksafe_tactile3_damage_area_20260522/final_overlays/009_mixed_fn_fp_damage_area_001_mixed_fn_fp_damage_area_aihub513_tactile_2_09_1_1_4_1_20210917_0000515986.jpg,docs/review/walksafe_tactile3_damage_area_20260522/final_crops/009_mixed_fn_fp_damage_area_001_mixed_fn_fp_damage_area_aihub513_tactile_2_09_1_1_4_1_20210917_0000515986.jpg,3,13,2,12
tactile3-da-final-010,10,mixed_fn_fp_damage_area,fix_tactile_damage_area_bbox,medium,GT boxes are broad and overlapping over damaged blocks,no,yes,val,datasets/walksafe_kr_tactile_3class_20260521/images/val/aihub513_tactile_2_09_1_1_2_1_20211011_0000737779.jpg,datasets/walksafe_kr_tactile_3class_20260521/labels/val/aihub513_tactile_2_09_1_1_2_1_20211011_0000737779.txt,docs/review/walksafe_tactile3_damage_area_20260522/final_overlays/010_mixed_fn_fp_damage_area_001_mixed_fn_fp_damage_area_aihub513_tactile_2_09_1_1_2_1_20211011_0000737779.jpg,docs/review/walksafe_tactile3_damage_area_20260522/final_crops/010_mixed_fn_fp_damage_area_001_mixed_fn_fp_damage_area_aihub513_tactile_2_09_1_1_2_1_20211011_0000737779.jpg,3,10,3,10
tactile3-da-final-011,11,mixed_fn_fp_damage_area,add_missing_tactile_damage_area,high,Clear additional spalls and seam breaks unlabeled,no,yes,val,datasets/walksafe_kr_tactile_3class_20260521/images/val/aihub513_tactile_2_09_1_1_1_1_20210720_0000010779.jpg,datasets/walksafe_kr_tactile_3class_20260521/labels/val/aihub513_tactile_2_09_1_1_1_1_20210720_0000010779.txt,docs/review/walksafe_tactile3_damage_area_20260522/final_overlays/011_mixed_fn_fp_damage_area_001_mixed_fn_fp_damage_area_aihub513_tactile_2_09_1_1_1_1_20210720_0000010779.jpg,docs/review/walksafe_tactile3_damage_area_20260522/final_crops/011_mixed_fn_fp_damage_area_001_mixed_fn_fp_damage_area_aihub513_tactile_2_09_1_1_1_1_20210720_0000010779.jpg,3,10,3,10
tactile3-da-final-012,12,mixed_fn_fp_damage_area,add_missing_tactile_damage_area,high,Several edge chips lack GT area labels,no,yes,val,datasets/walksafe_kr_tactile_3class_20260521/images/val/aihub513_tactile_2_09_1_1_5_1_20211006_0000600554.jpg,datasets/walksafe_kr_tactile_3class_20260521/labels/val/aihub513_tactile_2_09_1_1_5_1_20211006_0000600554.txt,docs/review/walksafe_tactile3_damage_area_20260522/final_overlays/012_mixed_fn_fp_damage_area_002_mixed_fn_fp_damage_area_aihub513_tactile_2_09_1_1_5_1_20211006_0000600554.jpg,docs/review/walksafe_tactile3_damage_area_20260522/final_crops/012_mixed_fn_fp_damage_area_002_mixed_fn_fp_damage_area_aihub513_tactile_2_09_1_1_5_1_20211006_0000600554.jpg,3,15,1,13
tactile3-da-final-013,13,mixed_fn_fp_damage_area,add_missing_tactile_damage_area,high,Additional worn raised bars match labeled damage type,no,yes,val,datasets/walksafe_kr_tactile_3class_20260521/images/val/aihub513_tactile_2_09_1_1_1_2_20210723_0000063754.jpg,datasets/walksafe_kr_tactile_3class_20260521/labels/val/aihub513_tactile_2_09_1_1_1_2_20210723_0000063754.txt,docs/review/walksafe_tactile3_damage_area_20260522/final_overlays/013_mixed_fn_fp_damage_area_002_mixed_fn_fp_damage_area_aihub513_tactile_2_09_1_1_1_2_20210723_0000063754.jpg,docs/review/walksafe_tactile3_damage_area_20260522/final_crops/013_mixed_fn_fp_damage_area_002_mixed_fn_fp_damage_area_aihub513_tactile_2_09_1_1_1_2_20210723_0000063754.jpg,3,12,2,11
tactile3-da-final-014,14,mixed_fn_fp_damage_area,add_missing_tactile_damage_area,medium,Several peeling or chipped spots appear unlabeled,no,yes,val,datasets/walksafe_kr_tactile_3class_20260521/images/val/aihub513_tactile_2_09_1_1_1_2_20210915_0000521876.jpg,datasets/walksafe_kr_tactile_3class_20260521/labels/val/aihub513_tactile_2_09_1_1_1_2_20210915_0000521876.txt,docs/review/walksafe_tactile3_damage_area_20260522/final_overlays/014_mixed_fn_fp_damage_area_001_mixed_fn_fp_damage_area_aihub513_tactile_2_09_1_1_1_2_20210915_0000521876.jpg,docs/review/walksafe_tactile3_damage_area_20260522/final_crops/014_mixed_fn_fp_damage_area_001_mixed_fn_fp_damage_area_aihub513_tactile_2_09_1_1_1_2_20210915_0000521876.jpg,3,12,2,11
tactile3-da-final-015,15,mixed_fn_fp_damage_area,add_missing_tactile_damage_area,high,Multiple clear spalls outside GT boxes,no,yes,val,datasets/walksafe_kr_tactile_3class_20260521/images/val/aihub513_tactile_2_09_1_1_1_4_20211027_0000803350.jpg,datasets/walksafe_kr_tactile_3class_20260521/labels/val/aihub513_tactile_2_09_1_1_1_4_20211027_0000803350.txt,docs/review/walksafe_tactile3_damage_area_20260522/final_overlays/015_mixed_fn_fp_damage_area_002_mixed_fn_fp_damage_area_aihub513_tactile_2_09_1_1_1_4_20211027_0000803350.jpg,docs/review/walksafe_tactile3_damage_area_20260522/final_crops/015_mixed_fn_fp_damage_area_002_mixed_fn_fp_damage_area_aihub513_tactile_2_09_1_1_1_4_20211027_0000803350.jpg,3,12,2,11
tactile3-da-final-016,16,mixed_fn_fp_damage_area,add_missing_tactile_damage_area,high,Long broken seam damage missing GT labels,no,yes,val,datasets/walksafe_kr_tactile_3class_20260521/images/val/aihub513_tactile_2_09_1_1_1_1_20210813_0000205423.jpg,datasets/walksafe_kr_tactile_3class_20260521/labels/val/aihub513_tactile_2_09_1_1_1_1_20210813_0000205423.txt,docs/review/walksafe_tactile3_damage_area_20260522/final_overlays/016_mixed_fn_fp_damage_area_003_mixed_fn_fp_damage_area_aihub513_tactile_2_09_1_1_1_1_20210813_0000205423.jpg,docs/review/walksafe_tactile3_damage_area_20260522/final_crops/016_mixed_fn_fp_damage_area_003_mixed_fn_fp_damage_area_aihub513_tactile_2_09_1_1_1_1_20210813_0000205423.jpg,3,12,2,11
tactile3-da-final-017,17,mixed_fn_fp_damage_area,exclude_unclear,low,Widespread staining makes damage extent uncertain,no,yes,val,datasets/walksafe_kr_tactile_3class_20260521/images/val/aihub513_tactile_2_09_1_1_5_2_20210907_0000464090.jpg,datasets/walksafe_kr_tactile_3class_20260521/labels/val/aihub513_tactile_2_09_1_1_5_2_20210907_0000464090.txt,docs/review/walksafe_tactile3_damage_area_20260522/final_overlays/017_mixed_fn_fp_damage_area_001_mixed_fn_fp_damage_area_aihub513_tactile_2_09_1_1_5_2_20210907_0000464090.jpg,docs/review/walksafe_tactile3_damage_area_20260522/final_crops/017_mixed_fn_fp_damage_area_001_mixed_fn_fp_damage_area_aihub513_tactile_2_09_1_1_5_2_20210907_0000464090.jpg,3,12,2,11
tactile3-da-final-018,18,mixed_fn_fp_damage_area,add_missing_tactile_damage_area,high,Multiple cracks and chips outside GT,no,yes,val,datasets/walksafe_kr_tactile_3class_20260521/images/val/aihub513_tactile_2_09_1_1_1_2_20210828_0000377368.jpg,datasets/walksafe_kr_tactile_3class_20260521/labels/val/aihub513_tactile_2_09_1_1_1_2_20210828_0000377368.txt,docs/review/walksafe_tactile3_damage_area_20260522/final_overlays/018_mixed_fn_fp_damage_area_001_mixed_fn_fp_damage_area_aihub513_tactile_2_09_1_1_1_2_20210828_0000377368.jpg,docs/review/walksafe_tactile3_damage_area_20260522/final_crops/018_mixed_fn_fp_damage_area_001_mixed_fn_fp_damage_area_aihub513_tactile_2_09_1_1_1_2_20210828_0000377368.jpg,3,9,3,9
tactile3-da-final-019,19,mixed_fn_fp_damage_area,fix_tactile_damage_area_bbox,high,GT boxes cover overly broad block regions,no,yes,val,datasets/walksafe_kr_tactile_3class_20260521/images/val/aihub513_tactile_2_09_1_1_1_2_20210729_0000025588.jpg,datasets/walksafe_kr_tactile_3class_20260521/labels/val/aihub513_tactile_2_09_1_1_1_2_20210729_0000025588.txt,docs/review/walksafe_tactile3_damage_area_20260522/final_overlays/019_mixed_fn_fp_damage_area_002_mixed_fn_fp_damage_area_aihub513_tactile_2_09_1_1_1_2_20210729_0000025588.jpg,docs/review/walksafe_tactile3_damage_area_20260522/final_crops/019_mixed_fn_fp_damage_area_002_mixed_fn_fp_damage_area_aihub513_tactile_2_09_1_1_1_2_20210729_0000025588.jpg,3,9,3,9
tactile3-da-final-020,20,mixed_fn_fp_damage_area,add_missing_tactile_damage_area,high,Many clear cracks and exposed patches unlabeled,no,yes,val,datasets/walksafe_kr_tactile_3class_20260521/images/val/aihub513_tactile_2_09_1_1_1_1_20210806_0000118772.jpg,datasets/walksafe_kr_tactile_3class_20260521/labels/val/aihub513_tactile_2_09_1_1_1_1_20210806_0000118772.txt,docs/review/walksafe_tactile3_damage_area_20260522/final_overlays/020_mixed_fn_fp_damage_area_004_mixed_fn_fp_damage_area_aihub513_tactile_2_09_1_1_1_1_20210806_0000118772.jpg,docs/review/walksafe_tactile3_damage_area_20260522/final_crops/020_mixed_fn_fp_damage_area_004_mixed_fn_fp_damage_area_aihub513_tactile_2_09_1_1_1_1_20210806_0000118772.jpg,3,9,3,9
tactile3-da-final-021,21,mixed_fn_fp_damage_area,add_missing_tactile_damage_area,medium,Side chip and seam damage partly unlabeled,no,yes,val,datasets/walksafe_kr_tactile_3class_20260521/images/val/aihub513_tactile_2_09_1_1_4_2_20210724_0000028311.jpg,datasets/walksafe_kr_tactile_3class_20260521/labels/val/aihub513_tactile_2_09_1_1_4_2_20210724_0000028311.txt,docs/review/walksafe_tactile3_damage_area_20260522/final_overlays/021_mixed_fn_fp_damage_area_002_mixed_fn_fp_damage_area_aihub513_tactile_2_09_1_1_4_2_20210724_0000028311.jpg,docs/review/walksafe_tactile3_damage_area_20260522/final_crops/021_mixed_fn_fp_damage_area_002_mixed_fn_fp_damage_area_aihub513_tactile_2_09_1_1_4_2_20210724_0000028311.jpg,3,9,3,9
tactile3-da-final-022,22,mixed_fn_fp_damage_area,add_missing_tactile_damage_area,high,Large broken regions lack GT area labels,no,yes,val,datasets/walksafe_kr_tactile_3class_20260521/images/val/aihub513_tactile_2_09_1_1_1_2_20210724_0000002242.jpg,datasets/walksafe_kr_tactile_3class_20260521/labels/val/aihub513_tactile_2_09_1_1_1_2_20210724_0000002242.txt,docs/review/walksafe_tactile3_damage_area_20260522/final_overlays/022_mixed_fn_fp_damage_area_001_mixed_fn_fp_damage_area_aihub513_tactile_2_09_1_1_1_2_20210724_0000002242.jpg,docs/review/walksafe_tactile3_damage_area_20260522/final_crops/022_mixed_fn_fp_damage_area_001_mixed_fn_fp_damage_area_aihub513_tactile_2_09_1_1_1_2_20210724_0000002242.jpg,3,9,3,9
tactile3-da-final-023,23,mixed_fn_fp_damage_area,add_missing_tactile_damage_area,high,Many visible cracks and spalls outside GT,no,yes,val,datasets/walksafe_kr_tactile_3class_20260521/images/val/aihub513_tactile_2_09_1_1_3_2_20211015_0000645600.jpg,datasets/walksafe_kr_tactile_3class_20260521/labels/val/aihub513_tactile_2_09_1_1_3_2_20211015_0000645600.txt,docs/review/walksafe_tactile3_damage_area_20260522/final_overlays/023_mixed_fn_fp_damage_area_001_mixed_fn_fp_damage_area_aihub513_tactile_2_09_1_1_3_2_20211015_0000645600.jpg,docs/review/walksafe_tactile3_damage_area_20260522/final_crops/023_mixed_fn_fp_damage_area_001_mixed_fn_fp_damage_area_aihub513_tactile_2_09_1_1_3_2_20211015_0000645600.jpg,3,14,1,12
tactile3-da-final-024,24,mixed_fn_fp_damage_area,add_missing_tactile_damage_area,medium,Several seam chips appear unlabeled,no,yes,val,datasets/walksafe_kr_tactile_3class_20260521/images/val/aihub513_tactile_2_09_1_1_4_1_20211102_0000833284.jpg,datasets/walksafe_kr_tactile_3class_20260521/labels/val/aihub513_tactile_2_09_1_1_4_1_20211102_0000833284.txt,docs/review/walksafe_tactile3_damage_area_20260522/final_overlays/024_mixed_fn_fp_damage_area_003_mixed_fn_fp_damage_area_aihub513_tactile_2_09_1_1_4_1_20211102_0000833284.jpg,docs/review/walksafe_tactile3_damage_area_20260522/final_crops/024_mixed_fn_fp_damage_area_003_mixed_fn_fp_damage_area_aihub513_tactile_2_09_1_1_4_1_20211102_0000833284.jpg,3,14,1,12
tactile3-da-final-025,25,damage_block_ok_area_missed,accept_existing_labels,high,GT boxes align with clear chips and cracks,no,yes,val,datasets/walksafe_kr_tactile_3class_20260521/images/val/aihub513_tactile_2_09_1_1_1_1_20210728_0000046405.jpg,datasets/walksafe_kr_tactile_3class_20260521/labels/val/aihub513_tactile_2_09_1_1_1_1_20210728_0000046405.txt,docs/review/walksafe_tactile3_damage_area_20260522/final_overlays/025_damage_block_ok_area_missed_025_damage_block_ok_area_missed_aihub513_tactile_2_09_1_1_1_1_20210728_0000046405.jpg,docs/review/walksafe_tactile3_damage_area_20260522/final_crops/025_damage_block_ok_area_missed_025_damage_block_ok_area_missed_aihub513_tactile_2_09_1_1_1_1_20210728_0000046405.jpg,3,0,3,0
tactile3-da-final-026,26,damage_block_ok_area_missed,exclude_unclear,low,Heavy dirt and wear obscure true damage,no,yes,val,datasets/walksafe_kr_tactile_3class_20260521/images/val/aihub513_tactile_2_09_1_1_1_1_20210908_0000465578.jpg,datasets/walksafe_kr_tactile_3class_20260521/labels/val/aihub513_tactile_2_09_1_1_1_1_20210908_0000465578.txt,docs/review/walksafe_tactile3_damage_area_20260522/final_overlays/026_damage_block_ok_area_missed_025_damage_block_ok_area_missed_aihub513_tactile_2_09_1_1_1_1_20210908_0000465578.jpg,docs/review/walksafe_tactile3_damage_area_20260522/final_crops/026_damage_block_ok_area_missed_025_damage_block_ok_area_missed_aihub513_tactile_2_09_1_1_1_1_20210908_0000465578.jpg,3,0,3,0
tactile3-da-final-027,27,damage_block_ok_area_missed,remove_false_damage_area_label,high,GT boxes look like dark stains not damage,no,yes,val,datasets/walksafe_kr_tactile_3class_20260521/images/val/aihub513_tactile_2_09_1_1_1_1_20210923_0000534509.jpg,datasets/walksafe_kr_tactile_3class_20260521/labels/val/aihub513_tactile_2_09_1_1_1_1_20210923_0000534509.txt,docs/review/walksafe_tactile3_damage_area_20260522/final_overlays/027_damage_block_ok_area_missed_026_damage_block_ok_area_missed_aihub513_tactile_2_09_1_1_1_1_20210923_0000534509.jpg,docs/review/walksafe_tactile3_damage_area_20260522/final_crops/027_damage_block_ok_area_missed_026_damage_block_ok_area_missed_aihub513_tactile_2_09_1_1_1_1_20210923_0000534509.jpg,3,0,3,0
tactile3-da-final-028,28,damage_block_ok_area_missed,accept_existing_labels,medium,GT boxes mostly cover edge and seam material loss,no,yes,val,datasets/walksafe_kr_tactile_3class_20260521/images/val/aihub513_tactile_2_09_1_1_1_1_20211011_0000617303.jpg,datasets/walksafe_kr_tactile_3class_20260521/labels/val/aihub513_tactile_2_09_1_1_1_1_20211011_0000617303.txt,docs/review/walksafe_tactile3_damage_area_20260522/final_overlays/028_damage_block_ok_area_missed_025_damage_block_ok_area_missed_aihub513_tactile_2_09_1_1_1_1_20211011_0000617303.jpg,docs/review/walksafe_tactile3_damage_area_20260522/final_crops/028_damage_block_ok_area_missed_025_damage_block_ok_area_missed_aihub513_tactile_2_09_1_1_1_1_20211011_0000617303.jpg,3,0,3,0
tactile3-da-final-029,29,damage_block_ok_area_missed,exclude_unclear,medium,Nonstandard surface and small marks are ambiguous,no,yes,val,datasets/walksafe_kr_tactile_3class_20260521/images/val/aihub513_tactile_2_09_1_1_1_2_20210726_0000096327.jpg,datasets/walksafe_kr_tactile_3class_20260521/labels/val/aihub513_tactile_2_09_1_1_1_2_20210726_0000096327.txt,docs/review/walksafe_tactile3_damage_area_20260522/final_overlays/029_damage_block_ok_area_missed_025_damage_block_ok_area_missed_aihub513_tactile_2_09_1_1_1_2_20210726_0000096327.jpg,docs/review/walksafe_tactile3_damage_area_20260522/final_crops/029_damage_block_ok_area_missed_025_damage_block_ok_area_missed_aihub513_tactile_2_09_1_1_1_2_20210726_0000096327.jpg,3,0,3,0
tactile3-da-final-030,30,damage_block_ok_area_missed,remove_false_damage_area_label,medium,Some GT boxes look like stain or normal wear,no,yes,val,datasets/walksafe_kr_tactile_3class_20260521/images/val/aihub513_tactile_2_09_1_1_1_4_20210811_0000165495.jpg,datasets/walksafe_kr_tactile_3class_20260521/labels/val/aihub513_tactile_2_09_1_1_1_4_20210811_0000165495.txt,docs/review/walksafe_tactile3_damage_area_20260522/final_overlays/030_damage_block_ok_area_missed_025_damage_block_ok_area_missed_aihub513_tactile_2_09_1_1_1_4_20210811_0000165495.jpg,docs/review/walksafe_tactile3_damage_area_20260522/final_crops/030_damage_block_ok_area_missed_025_damage_block_ok_area_missed_aihub513_tactile_2_09_1_1_1_4_20210811_0000165495.jpg,3,0,3,0
tactile3-da-final-031,31,damage_block_ok_area_missed,remove_false_damage_area_label,high,GT boxes mark stains or worn ridges only,no,yes,val,datasets/walksafe_kr_tactile_3class_20260521/images/val/aihub513_tactile_2_09_1_1_1_4_20211014_0000652306.jpg,datasets/walksafe_kr_tactile_3class_20260521/labels/val/aihub513_tactile_2_09_1_1_1_4_20211014_0000652306.txt,docs/review/walksafe_tactile3_damage_area_20260522/final_overlays/031_damage_block_ok_area_missed_026_damage_block_ok_area_missed_aihub513_tactile_2_09_1_1_1_4_20211014_0000652306.jpg,docs/review/walksafe_tactile3_damage_area_20260522/final_crops/031_damage_block_ok_area_missed_026_damage_block_ok_area_missed_aihub513_tactile_2_09_1_1_1_4_20211014_0000652306.jpg,3,0,3,0
tactile3-da-final-032,32,damage_block_ok_area_missed,fix_tactile_damage_area_bbox,medium,Some true damage but GT boxes include debris and seam,no,yes,val,datasets/walksafe_kr_tactile_3class_20260521/images/val/aihub513_tactile_2_09_1_1_5_1_20210911_0000504898.jpg,datasets/walksafe_kr_tactile_3class_20260521/labels/val/aihub513_tactile_2_09_1_1_5_1_20210911_0000504898.txt,docs/review/walksafe_tactile3_damage_area_20260522/final_overlays/032_damage_block_ok_area_missed_025_damage_block_ok_area_missed_aihub513_tactile_2_09_1_1_5_1_20210911_0000504898.jpg,docs/review/walksafe_tactile3_damage_area_20260522/final_crops/032_damage_block_ok_area_missed_025_damage_block_ok_area_missed_aihub513_tactile_2_09_1_1_5_1_20210911_0000504898.jpg,3,0,3,0
tactile3-da-final-033,33,damage_block_ok_area_missed,accept_existing_labels,medium,GT boxes cover visible scratches and chips,no,yes,val,datasets/walksafe_kr_tactile_3class_20260521/images/val/aihub513_tactile_2_09_1_1_5_1_20211006_0000600560.jpg,datasets/walksafe_kr_tactile_3class_20260521/labels/val/aihub513_tactile_2_09_1_1_5_1_20211006_0000600560.txt,docs/review/walksafe_tactile3_damage_area_20260522/final_overlays/033_damage_block_ok_area_missed_025_damage_block_ok_area_missed_aihub513_tactile_2_09_1_1_5_1_20211006_0000600560.jpg,docs/review/walksafe_tactile3_damage_area_20260522/final_crops/033_damage_block_ok_area_missed_025_damage_block_ok_area_missed_aihub513_tactile_2_09_1_1_5_1_20211006_0000600560.jpg,3,0,3,0
tactile3-da-final-034,34,damage_block_ok_area_missed,accept_existing_labels,medium,GT boxes align with small surface and edge chips,no,yes,val,datasets/walksafe_kr_tactile_3class_20260521/images/val/aihub513_tactile_2_09_1_1_5_1_20211006_0000600561.jpg,datasets/walksafe_kr_tactile_3class_20260521/labels/val/aihub513_tactile_2_09_1_1_5_1_20211006_0000600561.txt,docs/review/walksafe_tactile3_damage_area_20260522/final_overlays/034_damage_block_ok_area_missed_026_damage_block_ok_area_missed_aihub513_tactile_2_09_1_1_5_1_20211006_0000600561.jpg,docs/review/walksafe_tactile3_damage_area_20260522/final_crops/034_damage_block_ok_area_missed_026_damage_block_ok_area_missed_aihub513_tactile_2_09_1_1_5_1_20211006_0000600561.jpg,3,0,3,0
tactile3-da-final-035,35,damage_block_ok_area_missed,remove_false_damage_area_label,high,GT boxes cover intact worn surfaces,no,yes,val,datasets/walksafe_kr_tactile_3class_20260521/images/val/aihub513_tactile_2_09_1_1_5_2_20211020_0000671327.jpg,datasets/walksafe_kr_tactile_3class_20260521/labels/val/aihub513_tactile_2_09_1_1_5_2_20211020_0000671327.txt,docs/review/walksafe_tactile3_damage_area_20260522/final_overlays/035_damage_block_ok_area_missed_025_damage_block_ok_area_missed_aihub513_tactile_2_09_1_1_5_2_20211020_0000671327.jpg,docs/review/walksafe_tactile3_damage_area_20260522/final_crops/035_damage_block_ok_area_missed_025_damage_block_ok_area_missed_aihub513_tactile_2_09_1_1_5_2_20211020_0000671327.jpg,3,0,3,0
tactile3-da-final-036,36,damage_block_ok_area_missed,remove_false_damage_area_label,high,GT boxes appear to mark stains and abrasion,no,yes,val,datasets/walksafe_kr_tactile_3class_20260521/images/val/aihub513_tactile_2_09_1_1_5_2_20211022_0000687808.jpg,datasets/walksafe_kr_tactile_3class_20260521/labels/val/aihub513_tactile_2_09_1_1_5_2_20211022_0000687808.txt,docs/review/walksafe_tactile3_damage_area_20260522/final_overlays/036_damage_block_ok_area_missed_026_damage_block_ok_area_missed_aihub513_tactile_2_09_1_1_5_2_20211022_0000687808.jpg,docs/review/walksafe_tactile3_damage_area_20260522/final_crops/036_damage_block_ok_area_missed_026_damage_block_ok_area_missed_aihub513_tactile_2_09_1_1_5_2_20211022_0000687808.jpg,3,0,3,0
tactile3-da-final-037,37,damage_block_ok_area_missed,fix_tactile_damage_area_bbox,medium,GT boxes are broad over seam dirt and need focus,no,yes,val,datasets/walksafe_kr_tactile_3class_20260521/images/val/aihub513_tactile_2_09_1_1_1_1_20210722_0000038831.jpg,datasets/walksafe_kr_tactile_3class_20260521/labels/val/aihub513_tactile_2_09_1_1_1_1_20210722_0000038831.txt,docs/review/walksafe_tactile3_damage_area_20260522/final_overlays/037_damage_block_ok_area_missed_025_damage_block_ok_area_missed_aihub513_tactile_2_09_1_1_1_1_20210722_0000038831.jpg,docs/review/walksafe_tactile3_damage_area_20260522/final_crops/037_damage_block_ok_area_missed_025_damage_block_ok_area_missed_aihub513_tactile_2_09_1_1_1_1_20210722_0000038831.jpg,3,1,2,0
tactile3-da-final-038,38,damage_block_ok_area_missed,remove_false_damage_area_label,high,GT boxes mark debris or dirt between ridges,no,yes,val,datasets/walksafe_kr_tactile_3class_20260521/images/val/aihub513_tactile_2_09_1_1_1_1_20210727_0000024234.jpg,datasets/walksafe_kr_tactile_3class_20260521/labels/val/aihub513_tactile_2_09_1_1_1_1_20210727_0000024234.txt,docs/review/walksafe_tactile3_damage_area_20260522/final_overlays/038_damage_block_ok_area_missed_026_damage_block_ok_area_missed_aihub513_tactile_2_09_1_1_1_1_20210727_0000024234.jpg,docs/review/walksafe_tactile3_damage_area_20260522/final_crops/038_damage_block_ok_area_missed_026_damage_block_ok_area_missed_aihub513_tactile_2_09_1_1_1_1_20210727_0000024234.jpg,3,1,2,0
tactile3-da-final-039,39,damage_block_ok_area_missed,remove_false_damage_area_label,high,GT boxes appear to be small stains not damage,no,yes,val,datasets/walksafe_kr_tactile_3class_20260521/images/val/aihub513_tactile_2_09_1_1_1_1_20210729_0000026437.jpg,datasets/walksafe_kr_tactile_3class_20260521/labels/val/aihub513_tactile_2_09_1_1_1_1_20210729_0000026437.txt,docs/review/walksafe_tactile3_damage_area_20260522/final_overlays/039_damage_block_ok_area_missed_027_damage_block_ok_area_missed_aihub513_tactile_2_09_1_1_1_1_20210729_0000026437.jpg,docs/review/walksafe_tactile3_damage_area_20260522/final_crops/039_damage_block_ok_area_missed_027_damage_block_ok_area_missed_aihub513_tactile_2_09_1_1_1_1_20210729_0000026437.jpg,3,1,2,0
tactile3-da-final-040,40,damage_block_ok_area_missed,add_missing_tactile_damage_area,high,Large lower damaged patch lacks yellow area label,no,yes,val,datasets/walksafe_kr_tactile_3class_20260521/images/val/aihub513_tactile_2_09_1_1_1_1_20210808_0000123960.jpg,datasets/walksafe_kr_tactile_3class_20260521/labels/val/aihub513_tactile_2_09_1_1_1_1_20210808_0000123960.txt,docs/review/walksafe_tactile3_damage_area_20260522/final_overlays/040_damage_block_ok_area_missed_025_damage_block_ok_area_missed_aihub513_tactile_2_09_1_1_1_1_20210808_0000123960.jpg,docs/review/walksafe_tactile3_damage_area_20260522/final_crops/040_damage_block_ok_area_missed_025_damage_block_ok_area_missed_aihub513_tactile_2_09_1_1_1_1_20210808_0000123960.jpg,3,1,2,0
tactile3-da-final-041,41,damage_block_ok_area_missed,accept_existing_labels,high,central hole and side crack labels look valid,no,yes,val,datasets/walksafe_kr_tactile_3class_20260521/images/val/aihub513_tactile_2_09_1_1_1_1_20210819_0000271976.jpg,datasets/walksafe_kr_tactile_3class_20260521/labels/val/aihub513_tactile_2_09_1_1_1_1_20210819_0000271976.txt,docs/review/walksafe_tactile3_damage_area_20260522/final_overlays/041_damage_block_ok_area_missed_025_damage_block_ok_area_missed_aihub513_tactile_2_09_1_1_1_1_20210819_0000271976.jpg,docs/review/walksafe_tactile3_damage_area_20260522/final_crops/041_damage_block_ok_area_missed_025_damage_block_ok_area_missed_aihub513_tactile_2_09_1_1_1_1_20210819_0000271976.jpg,3,1,2,0
tactile3-da-final-042,42,damage_block_ok_area_missed,accept_existing_labels,high,cracks and large chip are clearly damaged tactile areas,no,yes,val,datasets/walksafe_kr_tactile_3class_20260521/images/val/aihub513_tactile_2_09_1_1_1_1_20210828_0000377391.jpg,datasets/walksafe_kr_tactile_3class_20260521/labels/val/aihub513_tactile_2_09_1_1_1_1_20210828_0000377391.txt,docs/review/walksafe_tactile3_damage_area_20260522/final_overlays/042_damage_block_ok_area_missed_026_damage_block_ok_area_missed_aihub513_tactile_2_09_1_1_1_1_20210828_0000377391.jpg,docs/review/walksafe_tactile3_damage_area_20260522/final_crops/042_damage_block_ok_area_missed_026_damage_block_ok_area_missed_aihub513_tactile_2_09_1_1_1_1_20210828_0000377391.jpg,3,1,2,0
tactile3-da-final-043,43,damage_block_ok_area_missed,accept_existing_labels,high,vertical crack labels align with visible damage,no,yes,val,datasets/walksafe_kr_tactile_3class_20260521/images/val/aihub513_tactile_2_09_1_1_1_1_20210828_0000379443.jpg,datasets/walksafe_kr_tactile_3class_20260521/labels/val/aihub513_tactile_2_09_1_1_1_1_20210828_0000379443.txt,docs/review/walksafe_tactile3_damage_area_20260522/final_overlays/043_damage_block_ok_area_missed_027_damage_block_ok_area_missed_aihub513_tactile_2_09_1_1_1_1_20210828_0000379443.jpg,docs/review/walksafe_tactile3_damage_area_20260522/final_crops/043_damage_block_ok_area_missed_027_damage_block_ok_area_missed_aihub513_tactile_2_09_1_1_1_1_20210828_0000379443.jpg,3,1,2,0
tactile3-da-final-044,44,damage_block_ok_area_missed,remove_false_damage_area_label,high,one GT box appears to cover leaf/debris not damage,no,yes,val,datasets/walksafe_kr_tactile_3class_20260521/images/val/aihub513_tactile_2_09_1_1_1_1_20210829_0000404326.jpg,datasets/walksafe_kr_tactile_3class_20260521/labels/val/aihub513_tactile_2_09_1_1_1_1_20210829_0000404326.txt,docs/review/walksafe_tactile3_damage_area_20260522/final_overlays/044_damage_block_ok_area_missed_028_damage_block_ok_area_missed_aihub513_tactile_2_09_1_1_1_1_20210829_0000404326.jpg,docs/review/walksafe_tactile3_damage_area_20260522/final_crops/044_damage_block_ok_area_missed_028_damage_block_ok_area_missed_aihub513_tactile_2_09_1_1_1_1_20210829_0000404326.jpg,3,1,2,0
tactile3-da-final-045,45,damage_block_ok_area_missed,accept_existing_labels,medium,small seam/edge defects plausible but subtle,no,yes,val,datasets/walksafe_kr_tactile_3class_20260521/images/val/aihub513_tactile_2_09_1_1_1_1_20211005_0000590961.jpg,datasets/walksafe_kr_tactile_3class_20260521/labels/val/aihub513_tactile_2_09_1_1_1_1_20211005_0000590961.txt,docs/review/walksafe_tactile3_damage_area_20260522/final_overlays/045_damage_block_ok_area_missed_026_damage_block_ok_area_missed_aihub513_tactile_2_09_1_1_1_1_20211005_0000590961.jpg,docs/review/walksafe_tactile3_damage_area_20260522/final_crops/045_damage_block_ok_area_missed_026_damage_block_ok_area_missed_aihub513_tactile_2_09_1_1_1_1_20211005_0000590961.jpg,3,1,2,0
tactile3-da-final-046,46,damage_block_ok_area_missed,accept_existing_labels,medium,crack/spall labels mostly plausible despite debris,no,yes,val,datasets/walksafe_kr_tactile_3class_20260521/images/val/aihub513_tactile_2_09_1_1_1_1_20211008_0000605887.jpg,datasets/walksafe_kr_tactile_3class_20260521/labels/val/aihub513_tactile_2_09_1_1_1_1_20211008_0000605887.txt,docs/review/walksafe_tactile3_damage_area_20260522/final_overlays/046_damage_block_ok_area_missed_027_damage_block_ok_area_missed_aihub513_tactile_2_09_1_1_1_1_20211008_0000605887.jpg,docs/review/walksafe_tactile3_damage_area_20260522/final_crops/046_damage_block_ok_area_missed_027_damage_block_ok_area_missed_aihub513_tactile_2_09_1_1_1_1_20211008_0000605887.jpg,3,1,2,0
tactile3-da-final-047,47,damage_block_ok_area_missed,exclude_unclear,low,labels mostly along joints; damage vs normal seam unclear,no,yes,val,datasets/walksafe_kr_tactile_3class_20260521/images/val/aihub513_tactile_2_09_1_1_1_1_20211011_0000617257.jpg,datasets/walksafe_kr_tactile_3class_20260521/labels/val/aihub513_tactile_2_09_1_1_1_1_20211011_0000617257.txt,docs/review/walksafe_tactile3_damage_area_20260522/final_overlays/047_damage_block_ok_area_missed_028_damage_block_ok_area_missed_aihub513_tactile_2_09_1_1_1_1_20211011_0000617257.jpg,docs/review/walksafe_tactile3_damage_area_20260522/final_crops/047_damage_block_ok_area_missed_028_damage_block_ok_area_missed_aihub513_tactile_2_09_1_1_1_1_20211011_0000617257.jpg,3,1,2,0
tactile3-da-final-048,48,damage_block_ok_area_missed,accept_existing_labels,medium,edge spall/abrasion labels look plausible,no,yes,val,datasets/walksafe_kr_tactile_3class_20260521/images/val/aihub513_tactile_2_09_1_1_1_1_20211013_0000624370.jpg,datasets/walksafe_kr_tactile_3class_20260521/labels/val/aihub513_tactile_2_09_1_1_1_1_20211013_0000624370.txt,docs/review/walksafe_tactile3_damage_area_20260522/final_overlays/048_damage_block_ok_area_missed_029_damage_block_ok_area_missed_aihub513_tactile_2_09_1_1_1_1_20211013_0000624370.jpg,docs/review/walksafe_tactile3_damage_area_20260522/final_crops/048_damage_block_ok_area_missed_029_damage_block_ok_area_missed_aihub513_tactile_2_09_1_1_1_1_20211013_0000624370.jpg,2,0,2,0
tactile3-da-final-049,49,damage_block_ok_area_missed,remove_false_damage_area_label,medium,long seam GT looks mostly normal joint,no,yes,val,datasets/walksafe_kr_tactile_3class_20260521/images/val/aihub513_tactile_2_09_1_1_1_1_20211019_0000686166.jpg,datasets/walksafe_kr_tactile_3class_20260521/labels/val/aihub513_tactile_2_09_1_1_1_1_20211019_0000686166.txt,docs/review/walksafe_tactile3_damage_area_20260522/final_overlays/049_damage_block_ok_area_missed_030_damage_block_ok_area_missed_aihub513_tactile_2_09_1_1_1_1_20211019_0000686166.jpg,docs/review/walksafe_tactile3_damage_area_20260522/final_crops/049_damage_block_ok_area_missed_030_damage_block_ok_area_missed_aihub513_tactile_2_09_1_1_1_1_20211019_0000686166.jpg,3,1,2,0
tactile3-da-final-050,50,damage_block_ok_area_missed,accept_existing_labels,high,missing block and surface defects are clear,no,yes,val,datasets/walksafe_kr_tactile_3class_20260521/images/val/aihub513_tactile_2_09_1_1_1_1_20211025_0000816657.jpg,datasets/walksafe_kr_tactile_3class_20260521/labels/val/aihub513_tactile_2_09_1_1_1_1_20211025_0000816657.txt,docs/review/walksafe_tactile3_damage_area_20260522/final_overlays/050_damage_block_ok_area_missed_025_damage_block_ok_area_missed_aihub513_tactile_2_09_1_1_1_1_20211025_0000816657.jpg,docs/review/walksafe_tactile3_damage_area_20260522/final_crops/050_damage_block_ok_area_missed_025_damage_block_ok_area_missed_aihub513_tactile_2_09_1_1_1_1_20211025_0000816657.jpg,3,1,2,0
tactile3-da-final-051,51,damage_block_ok_area_missed,remove_false_damage_area_label,high,large GT covers mostly intact/blank tile area,no,yes,val,datasets/walksafe_kr_tactile_3class_20260521/images/val/aihub513_tactile_2_09_1_1_1_1_20211025_0000816728.jpg,datasets/walksafe_kr_tactile_3class_20260521/labels/val/aihub513_tactile_2_09_1_1_1_1_20211025_0000816728.txt,docs/review/walksafe_tactile3_damage_area_20260522/final_overlays/051_damage_block_ok_area_missed_026_damage_block_ok_area_missed_aihub513_tactile_2_09_1_1_1_1_20211025_0000816728.jpg,docs/review/walksafe_tactile3_damage_area_20260522/final_crops/051_damage_block_ok_area_missed_026_damage_block_ok_area_missed_aihub513_tactile_2_09_1_1_1_1_20211025_0000816728.jpg,2,0,2,0
tactile3-da-final-052,52,damage_block_ok_area_missed,accept_existing_labels,medium,small edge wear/chip labels are plausible,no,yes,val,datasets/walksafe_kr_tactile_3class_20260521/images/val/aihub513_tactile_2_09_1_1_1_2_20210726_0000207482.jpg,datasets/walksafe_kr_tactile_3class_20260521/labels/val/aihub513_tactile_2_09_1_1_1_2_20210726_0000207482.txt,docs/review/walksafe_tactile3_damage_area_20260522/final_overlays/052_damage_block_ok_area_missed_026_damage_block_ok_area_missed_aihub513_tactile_2_09_1_1_1_2_20210726_0000207482.jpg,docs/review/walksafe_tactile3_damage_area_20260522/final_crops/052_damage_block_ok_area_missed_026_damage_block_ok_area_missed_aihub513_tactile_2_09_1_1_1_2_20210726_0000207482.jpg,3,1,2,0
tactile3-da-final-053,53,damage_block_ok_area_missed,accept_existing_labels,high,large missing patch and small chip are clear,no,yes,val,datasets/walksafe_kr_tactile_3class_20260521/images/val/aihub513_tactile_2_09_1_1_1_2_20210728_0000017992.jpg,datasets/walksafe_kr_tactile_3class_20260521/labels/val/aihub513_tactile_2_09_1_1_1_2_20210728_0000017992.txt,docs/review/walksafe_tactile3_damage_area_20260522/final_overlays/053_damage_block_ok_area_missed_027_damage_block_ok_area_missed_aihub513_tactile_2_09_1_1_1_2_20210728_0000017992.jpg,docs/review/walksafe_tactile3_damage_area_20260522/final_crops/053_damage_block_ok_area_missed_027_damage_block_ok_area_missed_aihub513_tactile_2_09_1_1_1_2_20210728_0000017992.jpg,3,1,2,0
tactile3-da-final-054,54,damage_block_ok_area_missed,remove_false_damage_area_label,medium,long upper GT mostly normal seam/debris,no,yes,val,datasets/walksafe_kr_tactile_3class_20260521/images/val/aihub513_tactile_2_09_1_1_1_2_20210728_0000223324.jpg,datasets/walksafe_kr_tactile_3class_20260521/labels/val/aihub513_tactile_2_09_1_1_1_2_20210728_0000223324.txt,docs/review/walksafe_tactile3_damage_area_20260522/final_overlays/054_damage_block_ok_area_missed_025_damage_block_ok_area_missed_aihub513_tactile_2_09_1_1_1_2_20210728_0000223324.jpg,docs/review/walksafe_tactile3_damage_area_20260522/final_crops/054_damage_block_ok_area_missed_025_damage_block_ok_area_missed_aihub513_tactile_2_09_1_1_1_2_20210728_0000223324.jpg,3,1,2,0
tactile3-da-final-055,55,damage_block_ok_area_missed,accept_existing_labels,medium,abrasion/worn rib labels plausibly damage,no,yes,val,datasets/walksafe_kr_tactile_3class_20260521/images/val/aihub513_tactile_2_09_1_1_1_2_20210818_0000273825.jpg,datasets/walksafe_kr_tactile_3class_20260521/labels/val/aihub513_tactile_2_09_1_1_1_2_20210818_0000273825.txt,docs/review/walksafe_tactile3_damage_area_20260522/final_overlays/055_damage_block_ok_area_missed_025_damage_block_ok_area_missed_aihub513_tactile_2_09_1_1_1_2_20210818_0000273825.jpg,docs/review/walksafe_tactile3_damage_area_20260522/final_crops/055_damage_block_ok_area_missed_025_damage_block_ok_area_missed_aihub513_tactile_2_09_1_1_1_2_20210818_0000273825.jpg,3,1,2,0
tactile3-da-final-056,56,damage_block_ok_area_missed,accept_existing_labels,medium,dark chipped/worn patches plausibly valid,no,yes,val,datasets/walksafe_kr_tactile_3class_20260521/images/val/aihub513_tactile_2_09_1_1_1_2_20210826_0000376876.jpg,datasets/walksafe_kr_tactile_3class_20260521/labels/val/aihub513_tactile_2_09_1_1_1_2_20210826_0000376876.txt,docs/review/walksafe_tactile3_damage_area_20260522/final_overlays/056_damage_block_ok_area_missed_026_damage_block_ok_area_missed_aihub513_tactile_2_09_1_1_1_2_20210826_0000376876.jpg,docs/review/walksafe_tactile3_damage_area_20260522/final_crops/056_damage_block_ok_area_missed_026_damage_block_ok_area_missed_aihub513_tactile_2_09_1_1_1_2_20210826_0000376876.jpg,3,1,2,0
tactile3-da-final-057,57,damage_block_ok_area_missed,exclude_unclear,low,tiny marks; damage vs speck/debris unclear,no,yes,val,datasets/walksafe_kr_tactile_3class_20260521/images/val/aihub513_tactile_2_09_1_1_1_2_20211003_0000605963.jpg,datasets/walksafe_kr_tactile_3class_20260521/labels/val/aihub513_tactile_2_09_1_1_1_2_20211003_0000605963.txt,docs/review/walksafe_tactile3_damage_area_20260522/final_overlays/057_damage_block_ok_area_missed_025_damage_block_ok_area_missed_aihub513_tactile_2_09_1_1_1_2_20211003_0000605963.jpg,docs/review/walksafe_tactile3_damage_area_20260522/final_crops/057_damage_block_ok_area_missed_025_damage_block_ok_area_missed_aihub513_tactile_2_09_1_1_1_2_20211003_0000605963.jpg,2,0,2,0
tactile3-da-final-058,58,damage_block_ok_area_missed,accept_existing_labels,medium,worn rib surface labels are plausible,no,yes,val,datasets/walksafe_kr_tactile_3class_20260521/images/val/aihub513_tactile_2_09_1_1_1_2_20211009_0000620415.jpg,datasets/walksafe_kr_tactile_3class_20260521/labels/val/aihub513_tactile_2_09_1_1_1_2_20211009_0000620415.txt,docs/review/walksafe_tactile3_damage_area_20260522/final_overlays/058_damage_block_ok_area_missed_026_damage_block_ok_area_missed_aihub513_tactile_2_09_1_1_1_2_20211009_0000620415.jpg,docs/review/walksafe_tactile3_damage_area_20260522/final_crops/058_damage_block_ok_area_missed_026_damage_block_ok_area_missed_aihub513_tactile_2_09_1_1_1_2_20211009_0000620415.jpg,3,1,2,0
tactile3-da-final-059,59,damage_block_ok_area_missed,exclude_unclear,low,one small patch could be discoloration/debris,no,yes,val,datasets/walksafe_kr_tactile_3class_20260521/images/val/aihub513_tactile_2_09_1_1_1_2_20211018_0000706941.jpg,datasets/walksafe_kr_tactile_3class_20260521/labels/val/aihub513_tactile_2_09_1_1_1_2_20211018_0000706941.txt,docs/review/walksafe_tactile3_damage_area_20260522/final_overlays/059_damage_block_ok_area_missed_027_damage_block_ok_area_missed_aihub513_tactile_2_09_1_1_1_2_20211018_0000706941.jpg,docs/review/walksafe_tactile3_damage_area_20260522/final_crops/059_damage_block_ok_area_missed_027_damage_block_ok_area_missed_aihub513_tactile_2_09_1_1_1_2_20211018_0000706941.jpg,3,1,2,0
tactile3-da-final-060,60,damage_block_ok_area_missed,accept_existing_labels,high,localized worn/cracked areas are clear,no,yes,val,datasets/walksafe_kr_tactile_3class_20260521/images/val/aihub513_tactile_2_09_1_1_1_3_20210811_0000165494.jpg,datasets/walksafe_kr_tactile_3class_20260521/labels/val/aihub513_tactile_2_09_1_1_1_3_20210811_0000165494.txt,docs/review/walksafe_tactile3_damage_area_20260522/final_overlays/060_damage_block_ok_area_missed_027_damage_block_ok_area_missed_aihub513_tactile_2_09_1_1_1_3_20210811_0000165494.jpg,docs/review/walksafe_tactile3_damage_area_20260522/final_crops/060_damage_block_ok_area_missed_027_damage_block_ok_area_missed_aihub513_tactile_2_09_1_1_1_3_20210811_0000165494.jpg,3,1,2,0
tactile3-da-final-061,61,false_negative_damage_area,accept_existing_labels,high,chips on dot tactile block are clear,no,yes,val,datasets/walksafe_kr_tactile_3class_20260521/images/val/aihub513_tactile_2_09_1_1_1_1_20210726_0000094400.jpg,datasets/walksafe_kr_tactile_3class_20260521/labels/val/aihub513_tactile_2_09_1_1_1_1_20210726_0000094400.txt,docs/review/walksafe_tactile3_damage_area_20260522/final_overlays/061_false_negative_damage_area_031_false_negative_damage_area_aihub513_tactile_2_09_1_1_1_1_20210726_0000094400.jpg,docs/review/walksafe_tactile3_damage_area_20260522/final_crops/061_false_negative_damage_area_031_false_negative_damage_area_aihub513_tactile_2_09_1_1_1_1_20210726_0000094400.jpg,3,0,3,0
tactile3-da-final-062,62,false_negative_damage_area,accept_existing_labels,high,small dark chips align with GT boxes,no,yes,val,datasets/walksafe_kr_tactile_3class_20260521/images/val/aihub513_tactile_2_09_1_1_1_1_20210925_0000542121.jpg,datasets/walksafe_kr_tactile_3class_20260521/labels/val/aihub513_tactile_2_09_1_1_1_1_20210925_0000542121.txt,docs/review/walksafe_tactile3_damage_area_20260522/final_overlays/062_false_negative_damage_area_027_false_negative_damage_area_aihub513_tactile_2_09_1_1_1_1_20210925_0000542121.jpg,docs/review/walksafe_tactile3_damage_area_20260522/final_crops/062_false_negative_damage_area_027_false_negative_damage_area_aihub513_tactile_2_09_1_1_1_1_20210925_0000542121.jpg,3,0,3,0
tactile3-da-final-063,63,false_negative_damage_area,accept_existing_labels,medium,large worn/missing surface areas plausible,no,yes,val,datasets/walksafe_kr_tactile_3class_20260521/images/val/aihub513_tactile_2_09_1_1_1_2_20210722_0000038837.jpg,datasets/walksafe_kr_tactile_3class_20260521/labels/val/aihub513_tactile_2_09_1_1_1_2_20210722_0000038837.txt,docs/review/walksafe_tactile3_damage_area_20260522/final_overlays/063_false_negative_damage_area_030_false_negative_damage_area_aihub513_tactile_2_09_1_1_1_2_20210722_0000038837.jpg,docs/review/walksafe_tactile3_damage_area_20260522/final_crops/063_false_negative_damage_area_030_false_negative_damage_area_aihub513_tactile_2_09_1_1_1_2_20210722_0000038837.jpg,3,0,3,0
tactile3-da-final-064,64,false_negative_damage_area,fix_tactile_damage_area_bbox,medium,large GT box appears over-broad,no,yes,val,datasets/walksafe_kr_tactile_3class_20260521/images/val/aihub513_tactile_2_09_1_1_1_2_20210726_0000100183.jpg,datasets/walksafe_kr_tactile_3class_20260521/labels/val/aihub513_tactile_2_09_1_1_1_2_20210726_0000100183.txt,docs/review/walksafe_tactile3_damage_area_20260522/final_overlays/064_false_negative_damage_area_031_false_negative_damage_area_aihub513_tactile_2_09_1_1_1_2_20210726_0000100183.jpg,docs/review/walksafe_tactile3_damage_area_20260522/final_crops/064_false_negative_damage_area_031_false_negative_damage_area_aihub513_tactile_2_09_1_1_1_2_20210726_0000100183.jpg,3,0,3,0
tactile3-da-final-065,65,false_negative_damage_area,fix_tactile_damage_area_bbox,medium,large/edge boxes include much intact area,no,yes,val,datasets/walksafe_kr_tactile_3class_20260521/images/val/aihub513_tactile_2_09_1_1_1_2_20210811_0000177021.jpg,datasets/walksafe_kr_tactile_3class_20260521/labels/val/aihub513_tactile_2_09_1_1_1_2_20210811_0000177021.txt,docs/review/walksafe_tactile3_damage_area_20260522/final_overlays/065_false_negative_damage_area_030_false_negative_damage_area_aihub513_tactile_2_09_1_1_1_2_20210811_0000177021.jpg,docs/review/walksafe_tactile3_damage_area_20260522/final_crops/065_false_negative_damage_area_030_false_negative_damage_area_aihub513_tactile_2_09_1_1_1_2_20210811_0000177021.jpg,3,0,3,0
tactile3-da-final-066,66,false_negative_damage_area,accept_existing_labels,medium,dark surface loss spots plausibly damage,no,yes,val,datasets/walksafe_kr_tactile_3class_20260521/images/val/aihub513_tactile_2_09_1_1_2_1_20210724_0000092383.jpg,datasets/walksafe_kr_tactile_3class_20260521/labels/val/aihub513_tactile_2_09_1_1_2_1_20210724_0000092383.txt,docs/review/walksafe_tactile3_damage_area_20260522/final_overlays/066_false_negative_damage_area_030_false_negative_damage_area_aihub513_tactile_2_09_1_1_2_1_20210724_0000092383.jpg,docs/review/walksafe_tactile3_damage_area_20260522/final_crops/066_false_negative_damage_area_030_false_negative_damage_area_aihub513_tactile_2_09_1_1_2_1_20210724_0000092383.jpg,3,0,3,0
tactile3-da-final-067,67,false_negative_damage_area,accept_existing_labels,medium,crack/chip labels mostly plausible,no,yes,val,datasets/walksafe_kr_tactile_3class_20260521/images/val/aihub513_tactile_2_09_1_1_4_1_20210721_0000024031.jpg,datasets/walksafe_kr_tactile_3class_20260521/labels/val/aihub513_tactile_2_09_1_1_4_1_20210721_0000024031.txt,docs/review/walksafe_tactile3_damage_area_20260522/final_overlays/067_false_negative_damage_area_039_false_negative_damage_area_aihub513_tactile_2_09_1_1_4_1_20210721_0000024031.jpg,docs/review/walksafe_tactile3_damage_area_20260522/final_crops/067_false_negative_damage_area_039_false_negative_damage_area_aihub513_tactile_2_09_1_1_4_1_20210721_0000024031.jpg,3,0,3,0
tactile3-da-final-068,68,false_negative_damage_area,accept_existing_labels,medium,worn rib abrasion labels plausible,no,yes,val,datasets/walksafe_kr_tactile_3class_20260521/images/val/aihub513_tactile_2_09_1_1_4_1_20210917_0000516389.jpg,datasets/walksafe_kr_tactile_3class_20260521/labels/val/aihub513_tactile_2_09_1_1_4_1_20210917_0000516389.txt,docs/review/walksafe_tactile3_damage_area_20260522/final_overlays/068_false_negative_damage_area_032_false_negative_damage_area_aihub513_tactile_2_09_1_1_4_1_20210917_0000516389.jpg,docs/review/walksafe_tactile3_damage_area_20260522/final_crops/068_false_negative_damage_area_032_false_negative_damage_area_aihub513_tactile_2_09_1_1_4_1_20210917_0000516389.jpg,3,0,3,0
tactile3-da-final-069,69,false_negative_damage_area,accept_existing_labels,high,edge spalls and joint chip are clear,no,yes,val,datasets/walksafe_kr_tactile_3class_20260521/images/val/aihub513_tactile_2_09_1_1_4_1_20210929_0000568949.jpg,datasets/walksafe_kr_tactile_3class_20260521/labels/val/aihub513_tactile_2_09_1_1_4_1_20210929_0000568949.txt,docs/review/walksafe_tactile3_damage_area_20260522/final_overlays/069_false_negative_damage_area_033_false_negative_damage_area_aihub513_tactile_2_09_1_1_4_1_20210929_0000568949.jpg,docs/review/walksafe_tactile3_damage_area_20260522/final_crops/069_false_negative_damage_area_033_false_negative_damage_area_aihub513_tactile_2_09_1_1_4_1_20210929_0000568949.jpg,3,0,3,0
tactile3-da-final-070,70,false_negative_damage_area,accept_existing_labels,medium,main surface damage clear; smaller wear subtle,no,yes,val,datasets/walksafe_kr_tactile_3class_20260521/images/val/aihub513_tactile_2_09_1_1_1_1_20211001_0000600345.jpg,datasets/walksafe_kr_tactile_3class_20260521/labels/val/aihub513_tactile_2_09_1_1_1_1_20211001_0000600345.txt,docs/review/walksafe_tactile3_damage_area_20260522/final_overlays/070_false_negative_damage_area_039_false_negative_damage_area_aihub513_tactile_2_09_1_1_1_1_20211001_0000600345.jpg,docs/review/walksafe_tactile3_damage_area_20260522/final_crops/070_false_negative_damage_area_039_false_negative_damage_area_aihub513_tactile_2_09_1_1_1_1_20211001_0000600345.jpg,2,0,2,0
tactile3-da-final-071,71,false_negative_damage_area,accept_existing_labels,medium,dark worn/chipped patches plausibly valid,no,yes,val,datasets/walksafe_kr_tactile_3class_20260521/images/val/aihub513_tactile_2_09_1_1_1_1_20211006_0000713559.jpg,datasets/walksafe_kr_tactile_3class_20260521/labels/val/aihub513_tactile_2_09_1_1_1_1_20211006_0000713559.txt,docs/review/walksafe_tactile3_damage_area_20260522/final_overlays/071_false_negative_damage_area_040_false_negative_damage_area_aihub513_tactile_2_09_1_1_1_1_20211006_0000713559.jpg,docs/review/walksafe_tactile3_damage_area_20260522/final_crops/071_false_negative_damage_area_040_false_negative_damage_area_aihub513_tactile_2_09_1_1_1_1_20211006_0000713559.jpg,2,0,2,0
tactile3-da-final-072,72,false_negative_damage_area,exclude_unclear,low,boxes overlap moss/joints; true damage unclear,no,yes,val,datasets/walksafe_kr_tactile_3class_20260521/images/val/aihub513_tactile_2_09_1_1_1_1_20211009_0000615002.jpg,datasets/walksafe_kr_tactile_3class_20260521/labels/val/aihub513_tactile_2_09_1_1_1_1_20211009_0000615002.txt,docs/review/walksafe_tactile3_damage_area_20260522/final_overlays/072_false_negative_damage_area_041_false_negative_damage_area_aihub513_tactile_2_09_1_1_1_1_20211009_0000615002.jpg,docs/review/walksafe_tactile3_damage_area_20260522/final_crops/072_false_negative_damage_area_041_false_negative_damage_area_aihub513_tactile_2_09_1_1_1_1_20211009_0000615002.jpg,2,0,2,0
tactile3-da-final-073,73,false_negative_damage_area,exclude_unclear,low,edge marks are subtle and partly seam/debris,no,yes,val,datasets/walksafe_kr_tactile_3class_20260521/images/val/aihub513_tactile_2_09_1_1_1_1_20211019_0000657880.jpg,datasets/walksafe_kr_tactile_3class_20260521/labels/val/aihub513_tactile_2_09_1_1_1_1_20211019_0000657880.txt,docs/review/walksafe_tactile3_damage_area_20260522/final_overlays/073_false_negative_damage_area_042_false_negative_damage_area_aihub513_tactile_2_09_1_1_1_1_20211019_0000657880.jpg,docs/review/walksafe_tactile3_damage_area_20260522/final_crops/073_false_negative_damage_area_042_false_negative_damage_area_aihub513_tactile_2_09_1_1_1_1_20211019_0000657880.jpg,2,0,2,0
tactile3-da-final-074,74,false_negative_damage_area,fix_tactile_damage_area_bbox,high,large GT includes curb/context beyond tactile damage,no,yes,val,datasets/walksafe_kr_tactile_3class_20260521/images/val/aihub513_tactile_2_09_1_1_1_2_20210726_0000015218.jpg,datasets/walksafe_kr_tactile_3class_20260521/labels/val/aihub513_tactile_2_09_1_1_1_2_20210726_0000015218.txt,docs/review/walksafe_tactile3_damage_area_20260522/final_overlays/074_false_negative_damage_area_032_false_negative_damage_area_aihub513_tactile_2_09_1_1_1_2_20210726_0000015218.jpg,docs/review/walksafe_tactile3_damage_area_20260522/final_crops/074_false_negative_damage_area_032_false_negative_damage_area_aihub513_tactile_2_09_1_1_1_2_20210726_0000015218.jpg,2,0,2,0
tactile3-da-final-075,75,false_negative_damage_area,accept_existing_labels,high,crater/chip labels clearly valid,no,yes,val,datasets/walksafe_kr_tactile_3class_20260521/images/val/aihub513_tactile_2_09_1_1_1_2_20210926_0000545323.jpg,datasets/walksafe_kr_tactile_3class_20260521/labels/val/aihub513_tactile_2_09_1_1_1_2_20210926_0000545323.txt,docs/review/walksafe_tactile3_damage_area_20260522/final_overlays/075_false_negative_damage_area_027_false_negative_damage_area_aihub513_tactile_2_09_1_1_1_2_20210926_0000545323.jpg,docs/review/walksafe_tactile3_damage_area_20260522/final_crops/075_false_negative_damage_area_027_false_negative_damage_area_aihub513_tactile_2_09_1_1_1_2_20210926_0000545323.jpg,2,0,2,0
tactile3-da-final-076,76,false_negative_damage_area,accept_existing_labels,high,large broken area and small crack are clear,no,yes,val,datasets/walksafe_kr_tactile_3class_20260521/images/val/aihub513_tactile_2_09_1_1_1_2_20210926_0000545329.jpg,datasets/walksafe_kr_tactile_3class_20260521/labels/val/aihub513_tactile_2_09_1_1_1_2_20210926_0000545329.txt,docs/review/walksafe_tactile3_damage_area_20260522/final_overlays/076_false_negative_damage_area_031_false_negative_damage_area_aihub513_tactile_2_09_1_1_1_2_20210926_0000545329.jpg,docs/review/walksafe_tactile3_damage_area_20260522/final_crops/076_false_negative_damage_area_031_false_negative_damage_area_aihub513_tactile_2_09_1_1_1_2_20210926_0000545329.jpg,2,0,2,0
tactile3-da-final-077,77,false_negative_damage_area,accept_existing_labels,medium,dark chipped patches plausibly tactile damage,no,yes,val,datasets/walksafe_kr_tactile_3class_20260521/images/val/aihub513_tactile_2_09_1_1_4_1_20210909_0000474955.jpg,datasets/walksafe_kr_tactile_3class_20260521/labels/val/aihub513_tactile_2_09_1_1_4_1_20210909_0000474955.txt,docs/review/walksafe_tactile3_damage_area_20260522/final_overlays/077_false_negative_damage_area_034_false_negative_damage_area_aihub513_tactile_2_09_1_1_4_1_20210909_0000474955.jpg,docs/review/walksafe_tactile3_damage_area_20260522/final_crops/077_false_negative_damage_area_034_false_negative_damage_area_aihub513_tactile_2_09_1_1_4_1_20210909_0000474955.jpg,2,0,2,0
tactile3-da-final-078,78,false_negative_damage_area,exclude_unclear,low,small dark marks may be stain/debris,no,yes,val,datasets/walksafe_kr_tactile_3class_20260521/images/val/aihub513_tactile_2_09_1_1_4_1_20210917_0000515371.jpg,datasets/walksafe_kr_tactile_3class_20260521/labels/val/aihub513_tactile_2_09_1_1_4_1_20210917_0000515371.txt,docs/review/walksafe_tactile3_damage_area_20260522/final_overlays/078_false_negative_damage_area_035_false_negative_damage_area_aihub513_tactile_2_09_1_1_4_1_20210917_0000515371.jpg,docs/review/walksafe_tactile3_damage_area_20260522/final_crops/078_false_negative_damage_area_035_false_negative_damage_area_aihub513_tactile_2_09_1_1_4_1_20210917_0000515371.jpg,2,0,2,0
tactile3-da-final-079,79,false_negative_damage_area,exclude_unclear,low,subtle seam/edge labels not visually clear,no,yes,val,datasets/walksafe_kr_tactile_3class_20260521/images/val/aihub513_tactile_2_09_1_1_4_1_20210923_0000531678.jpg,datasets/walksafe_kr_tactile_3class_20260521/labels/val/aihub513_tactile_2_09_1_1_4_1_20210923_0000531678.txt,docs/review/walksafe_tactile3_damage_area_20260522/final_overlays/079_false_negative_damage_area_036_false_negative_damage_area_aihub513_tactile_2_09_1_1_4_1_20210923_0000531678.jpg,docs/review/walksafe_tactile3_damage_area_20260522/final_crops/079_false_negative_damage_area_036_false_negative_damage_area_aihub513_tactile_2_09_1_1_4_1_20210923_0000531678.jpg,2,0,2,0
tactile3-da-final-080,80,false_negative_damage_area,exclude_unclear,low,distant overexposed crop makes damage unclear,no,yes,val,datasets/walksafe_kr_tactile_3class_20260521/images/val/aihub513_tactile_2_09_1_1_5_1_20210726_0000102141.jpg,datasets/walksafe_kr_tactile_3class_20260521/labels/val/aihub513_tactile_2_09_1_1_5_1_20210726_0000102141.txt,docs/review/walksafe_tactile3_damage_area_20260522/final_overlays/080_false_negative_damage_area_032_false_negative_damage_area_aihub513_tactile_2_09_1_1_5_1_20210726_0000102141.jpg,docs/review/walksafe_tactile3_damage_area_20260522/final_crops/080_false_negative_damage_area_032_false_negative_damage_area_aihub513_tactile_2_09_1_1_5_1_20210726_0000102141.jpg,2,0,2,0
tactile3-da-final-081,81,false_negative_damage_area,fix_tactile_damage_area_bbox,medium,손상은 맞지만 일부 박스 범위가 부정확함,no,yes,val,datasets/walksafe_kr_tactile_3class_20260521/images/val/aihub513_tactile_2_09_1_1_5_1_20210903_0000449681.jpg,datasets/walksafe_kr_tactile_3class_20260521/labels/val/aihub513_tactile_2_09_1_1_5_1_20210903_0000449681.txt,docs/review/walksafe_tactile3_damage_area_20260522/final_overlays/081_false_negative_damage_area_033_false_negative_damage_area_aihub513_tactile_2_09_1_1_5_1_20210903_0000449681.jpg,docs/review/walksafe_tactile3_damage_area_20260522/final_crops/081_false_negative_damage_area_033_false_negative_damage_area_aihub513_tactile_2_09_1_1_5_1_20210903_0000449681.jpg,2,0,2,0
tactile3-da-final-082,82,false_negative_damage_area,accept_existing_labels,high,작은 칩과 모서리 손상이 명확함,no,yes,val,datasets/walksafe_kr_tactile_3class_20260521/images/val/aihub513_tactile_2_09_1_1_5_2_20210813_0000466897.jpg,datasets/walksafe_kr_tactile_3class_20260521/labels/val/aihub513_tactile_2_09_1_1_5_2_20210813_0000466897.txt,docs/review/walksafe_tactile3_damage_area_20260522/final_overlays/082_false_negative_damage_area_040_false_negative_damage_area_aihub513_tactile_2_09_1_1_5_2_20210813_0000466897.jpg,docs/review/walksafe_tactile3_damage_area_20260522/final_crops/082_false_negative_damage_area_040_false_negative_damage_area_aihub513_tactile_2_09_1_1_5_2_20210813_0000466897.jpg,3,1,2,0
tactile3-da-final-083,83,false_negative_damage_area,accept_existing_labels,high,노란 GT 손상 근거가 명확함,no,yes,val,datasets/walksafe_kr_tactile_3class_20260521/images/val/aihub513_tactile_2_09_1_1_6_2_20210909_0000493266.jpg,datasets/walksafe_kr_tactile_3class_20260521/labels/val/aihub513_tactile_2_09_1_1_6_2_20210909_0000493266.txt,docs/review/walksafe_tactile3_damage_area_20260522/final_overlays/083_false_negative_damage_area_028_false_negative_damage_area_aihub513_tactile_2_09_1_1_6_2_20210909_0000493266.jpg,docs/review/walksafe_tactile3_damage_area_20260522/final_crops/083_false_negative_damage_area_028_false_negative_damage_area_aihub513_tactile_2_09_1_1_6_2_20210909_0000493266.jpg,3,1,2,0
tactile3-da-final-084,84,false_negative_damage_area,accept_existing_labels,high,회색 박리 손상이 명확함,no,yes,val,datasets/walksafe_kr_tactile_3class_20260521/images/val/aihub513_tactile_2_09_1_1_1_1_20210725_0000005093.jpg,datasets/walksafe_kr_tactile_3class_20260521/labels/val/aihub513_tactile_2_09_1_1_1_1_20210725_0000005093.txt,docs/review/walksafe_tactile3_damage_area_20260522/final_overlays/084_false_negative_damage_area_029_false_negative_damage_area_aihub513_tactile_2_09_1_1_1_1_20210725_0000005093.jpg,docs/review/walksafe_tactile3_damage_area_20260522/final_crops/084_false_negative_damage_area_029_false_negative_damage_area_aihub513_tactile_2_09_1_1_1_1_20210725_0000005093.jpg,1,0,1,0
tactile3-da-final-085,85,false_negative_damage_area,remove_false_damage_area_label,low,이음부 이물처럼 보여 손상 근거 약함,no,yes,val,datasets/walksafe_kr_tactile_3class_20260521/images/val/aihub513_tactile_2_09_1_1_1_1_20210726_0000096072.jpg,datasets/walksafe_kr_tactile_3class_20260521/labels/val/aihub513_tactile_2_09_1_1_1_1_20210726_0000096072.txt,docs/review/walksafe_tactile3_damage_area_20260522/final_overlays/085_false_negative_damage_area_032_false_negative_damage_area_aihub513_tactile_2_09_1_1_1_1_20210726_0000096072.jpg,docs/review/walksafe_tactile3_damage_area_20260522/final_crops/085_false_negative_damage_area_032_false_negative_damage_area_aihub513_tactile_2_09_1_1_1_1_20210726_0000096072.jpg,1,0,1,0
tactile3-da-final-086,86,false_negative_damage_area,accept_existing_labels,high,검은 박리 손상이 명확함,no,yes,val,datasets/walksafe_kr_tactile_3class_20260521/images/val/aihub513_tactile_2_09_1_1_1_1_20210923_0000534023.jpg,datasets/walksafe_kr_tactile_3class_20260521/labels/val/aihub513_tactile_2_09_1_1_1_1_20210923_0000534023.txt,docs/review/walksafe_tactile3_damage_area_20260522/final_overlays/086_false_negative_damage_area_028_false_negative_damage_area_aihub513_tactile_2_09_1_1_1_1_20210923_0000534023.jpg,docs/review/walksafe_tactile3_damage_area_20260522/final_crops/086_false_negative_damage_area_028_false_negative_damage_area_aihub513_tactile_2_09_1_1_1_1_20210923_0000534023.jpg,1,0,1,0
tactile3-da-final-087,87,false_negative_damage_area,accept_existing_labels,high,작은 표면 칩이 명확함,no,yes,val,datasets/walksafe_kr_tactile_3class_20260521/images/val/aihub513_tactile_2_09_1_1_1_1_20210925_0000542123.jpg,datasets/walksafe_kr_tactile_3class_20260521/labels/val/aihub513_tactile_2_09_1_1_1_1_20210925_0000542123.txt,docs/review/walksafe_tactile3_damage_area_20260522/final_overlays/087_false_negative_damage_area_029_false_negative_damage_area_aihub513_tactile_2_09_1_1_1_1_20210925_0000542123.jpg,docs/review/walksafe_tactile3_damage_area_20260522/final_crops/087_false_negative_damage_area_029_false_negative_damage_area_aihub513_tactile_2_09_1_1_1_1_20210925_0000542123.jpg,1,0,1,0
tactile3-da-final-088,88,false_negative_damage_area,accept_existing_labels,high,검은 손상 영역이 명확함,no,yes,val,datasets/walksafe_kr_tactile_3class_20260521/images/val/aihub513_tactile_2_09_1_1_1_1_20211006_0000713423.jpg,datasets/walksafe_kr_tactile_3class_20260521/labels/val/aihub513_tactile_2_09_1_1_1_1_20211006_0000713423.txt,docs/review/walksafe_tactile3_damage_area_20260522/final_overlays/088_false_negative_damage_area_043_false_negative_damage_area_aihub513_tactile_2_09_1_1_1_1_20211006_0000713423.jpg,docs/review/walksafe_tactile3_damage_area_20260522/final_crops/088_false_negative_damage_area_043_false_negative_damage_area_aihub513_tactile_2_09_1_1_1_1_20211006_0000713423.jpg,1,0,1,0
tactile3-da-final-089,89,false_negative_damage_area,accept_existing_labels,medium,작은 마모 손상으로 보임,no,yes,val,datasets/walksafe_kr_tactile_3class_20260521/images/val/aihub513_tactile_2_09_1_1_1_1_20211011_0000617295.jpg,datasets/walksafe_kr_tactile_3class_20260521/labels/val/aihub513_tactile_2_09_1_1_1_1_20211011_0000617295.txt,docs/review/walksafe_tactile3_damage_area_20260522/final_overlays/089_false_negative_damage_area_044_false_negative_damage_area_aihub513_tactile_2_09_1_1_1_1_20211011_0000617295.jpg,docs/review/walksafe_tactile3_damage_area_20260522/final_crops/089_false_negative_damage_area_044_false_negative_damage_area_aihub513_tactile_2_09_1_1_1_1_20211011_0000617295.jpg,1,0,1,0
tactile3-da-final-090,90,false_negative_damage_area,accept_existing_labels,high,모서리 칩이 명확함,no,yes,val,datasets/walksafe_kr_tactile_3class_20260521/images/val/aihub513_tactile_2_09_1_1_1_1_20211013_0000624385.jpg,datasets/walksafe_kr_tactile_3class_20260521/labels/val/aihub513_tactile_2_09_1_1_1_1_20211013_0000624385.txt,docs/review/walksafe_tactile3_damage_area_20260522/final_overlays/090_false_negative_damage_area_045_false_negative_damage_area_aihub513_tactile_2_09_1_1_1_1_20211013_0000624385.jpg,docs/review/walksafe_tactile3_damage_area_20260522/final_crops/090_false_negative_damage_area_045_false_negative_damage_area_aihub513_tactile_2_09_1_1_1_1_20211013_0000624385.jpg,1,0,1,0
tactile3-da-final-091,91,false_negative_damage_area,add_missing_tactile_damage_area,medium,기존 GT 외 우측 스커프 손상 의심,no,yes,val,datasets/walksafe_kr_tactile_3class_20260521/images/val/aihub513_tactile_2_09_1_1_1_1_20211018_0000695222.jpg,datasets/walksafe_kr_tactile_3class_20260521/labels/val/aihub513_tactile_2_09_1_1_1_1_20211018_0000695222.txt,docs/review/walksafe_tactile3_damage_area_20260522/final_overlays/091_false_negative_damage_area_046_false_negative_damage_area_aihub513_tactile_2_09_1_1_1_1_20211018_0000695222.jpg,docs/review/walksafe_tactile3_damage_area_20260522/final_crops/091_false_negative_damage_area_046_false_negative_damage_area_aihub513_tactile_2_09_1_1_1_1_20211018_0000695222.jpg,2,1,1,0
tactile3-da-final-092,92,false_negative_damage_area,add_missing_tactile_damage_area,high,GT 아래 별도 작은 박리 손상 누락,no,yes,val,datasets/walksafe_kr_tactile_3class_20260521/images/val/aihub513_tactile_2_09_1_1_1_1_20211023_0000724446.jpg,datasets/walksafe_kr_tactile_3class_20260521/labels/val/aihub513_tactile_2_09_1_1_1_1_20211023_0000724446.txt,docs/review/walksafe_tactile3_damage_area_20260522/final_overlays/092_false_negative_damage_area_031_false_negative_damage_area_aihub513_tactile_2_09_1_1_1_1_20211023_0000724446.jpg,docs/review/walksafe_tactile3_damage_area_20260522/final_crops/092_false_negative_damage_area_031_false_negative_damage_area_aihub513_tactile_2_09_1_1_1_1_20211023_0000724446.jpg,1,0,1,0
tactile3-da-final-093,93,false_negative_damage_area,accept_existing_labels,high,도트 블록 표면 박리 명확함,no,yes,val,datasets/walksafe_kr_tactile_3class_20260521/images/val/aihub513_tactile_2_09_1_1_1_2_20210724_0000224130.jpg,datasets/walksafe_kr_tactile_3class_20260521/labels/val/aihub513_tactile_2_09_1_1_1_2_20210724_0000224130.txt,docs/review/walksafe_tactile3_damage_area_20260522/final_overlays/093_false_negative_damage_area_033_false_negative_damage_area_aihub513_tactile_2_09_1_1_1_2_20210724_0000224130.jpg,docs/review/walksafe_tactile3_damage_area_20260522/final_crops/093_false_negative_damage_area_033_false_negative_damage_area_aihub513_tactile_2_09_1_1_1_2_20210724_0000224130.jpg,1,0,1,0
tactile3-da-final-094,94,false_negative_damage_area,accept_existing_labels,high,균열 손상 라벨이 타당함,no,yes,val,datasets/walksafe_kr_tactile_3class_20260521/images/val/aihub513_tactile_2_09_1_1_1_2_20210909_0000469521.jpg,datasets/walksafe_kr_tactile_3class_20260521/labels/val/aihub513_tactile_2_09_1_1_1_2_20210909_0000469521.txt,docs/review/walksafe_tactile3_damage_area_20260522/final_overlays/094_false_negative_damage_area_028_false_negative_damage_area_aihub513_tactile_2_09_1_1_1_2_20210909_0000469521.jpg,docs/review/walksafe_tactile3_damage_area_20260522/final_crops/094_false_negative_damage_area_028_false_negative_damage_area_aihub513_tactile_2_09_1_1_1_2_20210909_0000469521.jpg,2,1,1,0
tactile3-da-final-095,95,false_negative_damage_area,accept_existing_labels,high,이음부 박리 손상이 명확함,no,yes,val,datasets/walksafe_kr_tactile_3class_20260521/images/val/aihub513_tactile_2_09_1_1_1_3_20211017_0000657908.jpg,datasets/walksafe_kr_tactile_3class_20260521/labels/val/aihub513_tactile_2_09_1_1_1_3_20211017_0000657908.txt,docs/review/walksafe_tactile3_damage_area_20260522/final_overlays/095_false_negative_damage_area_031_false_negative_damage_area_aihub513_tactile_2_09_1_1_1_3_20211017_0000657908.jpg,docs/review/walksafe_tactile3_damage_area_20260522/final_crops/095_false_negative_damage_area_031_false_negative_damage_area_aihub513_tactile_2_09_1_1_1_3_20211017_0000657908.jpg,1,0,1,0
tactile3-da-final-096,96,false_negative_damage_area,accept_existing_labels,medium,낡은 표면 마모 손상으로 보임,no,yes,val,datasets/walksafe_kr_tactile_3class_20260521/images/val/aihub513_tactile_2_09_1_1_2_1_20210820_0000344304.jpg,datasets/walksafe_kr_tactile_3class_20260521/labels/val/aihub513_tactile_2_09_1_1_2_1_20210820_0000344304.txt,docs/review/walksafe_tactile3_damage_area_20260522/final_overlays/096_false_negative_damage_area_032_false_negative_damage_area_aihub513_tactile_2_09_1_1_2_1_20210820_0000344304.jpg,docs/review/walksafe_tactile3_damage_area_20260522/final_crops/096_false_negative_damage_area_032_false_negative_damage_area_aihub513_tactile_2_09_1_1_2_1_20210820_0000344304.jpg,1,0,1,0
tactile3-da-final-097,97,hard_negative_false_positive_damage_area,accept_existing_labels,high,비촉지도 블록 질감 오검출로 보임,no,yes,val,datasets/walksafe_kr_tactile_3class_20260521/images/val/aihub513_tactile_2_09_0_1_1_1_20210728_0000166657.jpg,datasets/walksafe_kr_tactile_3class_20260521/labels/val/aihub513_tactile_2_09_0_1_1_1_20210728_0000166657.txt,docs/review/walksafe_tactile3_damage_area_20260522/final_overlays/097_hard_negative_false_positive_damage_area_001_hard_negative_false_positive_damage_area_aihub513_tactile_2_09_0_1_1_1_20210728_0000166657.jpg,docs/review/walksafe_tactile3_damage_area_20260522/final_crops/097_hard_negative_false_positive_damage_area_001_hard_negative_false_positive_damage_area_aihub513_tactile_2_09_0_1_1_1_20210728_0000166657.jpg,0,14,0,14
tactile3-da-final-098,98,hard_negative_false_positive_damage_area,add_missing_tactile_damage_area,medium,균열과 검은 박리 후보가 보임,no,yes,val,datasets/walksafe_kr_tactile_3class_20260521/images/val/aihub513_tactile_2_09_0_1_1_1_20210906_0000452324.jpg,datasets/walksafe_kr_tactile_3class_20260521/labels/val/aihub513_tactile_2_09_0_1_1_1_20210906_0000452324.txt,docs/review/walksafe_tactile3_damage_area_20260522/final_overlays/098_hard_negative_false_positive_damage_area_001_hard_negative_false_positive_damage_area_aihub513_tactile_2_09_0_1_1_1_20210906_0000452324.jpg,docs/review/walksafe_tactile3_damage_area_20260522/final_crops/098_hard_negative_false_positive_damage_area_001_hard_negative_false_positive_damage_area_aihub513_tactile_2_09_0_1_1_1_20210906_0000452324.jpg,0,13,0,13
tactile3-da-final-099,99,hard_negative_false_positive_damage_area,add_missing_tactile_damage_area,high,여러 모서리 칩 손상이 명확함,no,yes,val,datasets/walksafe_kr_tactile_3class_20260521/images/val/aihub513_tactile_2_09_0_1_1_1_20210726_0000075652.jpg,datasets/walksafe_kr_tactile_3class_20260521/labels/val/aihub513_tactile_2_09_0_1_1_1_20210726_0000075652.txt,docs/review/walksafe_tactile3_damage_area_20260522/final_overlays/099_hard_negative_false_positive_damage_area_002_hard_negative_false_positive_damage_area_aihub513_tactile_2_09_0_1_1_1_20210726_0000075652.jpg,docs/review/walksafe_tactile3_damage_area_20260522/final_crops/099_hard_negative_false_positive_damage_area_002_hard_negative_false_positive_damage_area_aihub513_tactile_2_09_0_1_1_1_20210726_0000075652.jpg,0,12,0,12
tactile3-da-final-100,100,hard_negative_false_positive_damage_area,add_missing_tactile_damage_area,high,검은 박리 손상이 다수 보임,no,yes,val,datasets/walksafe_kr_tactile_3class_20260521/images/val/aihub513_tactile_2_09_0_1_4_1_20210924_0000538727.jpg,datasets/walksafe_kr_tactile_3class_20260521/labels/val/aihub513_tactile_2_09_0_1_4_1_20210924_0000538727.txt,docs/review/walksafe_tactile3_damage_area_20260522/final_overlays/100_hard_negative_false_positive_damage_area_001_hard_negative_false_positive_damage_area_aihub513_tactile_2_09_0_1_4_1_20210924_0000538727.jpg,docs/review/walksafe_tactile3_damage_area_20260522/final_crops/100_hard_negative_false_positive_damage_area_001_hard_negative_false_positive_damage_area_aihub513_tactile_2_09_0_1_4_1_20210924_0000538727.jpg,0,11,0,11
tactile3-da-final-101,101,hard_negative_false_positive_damage_area,add_missing_tactile_damage_area,high,이음부와 모서리 파손이 명확함,no,yes,val,datasets/walksafe_kr_tactile_3class_20260521/images/val/aihub513_tactile_2_09_0_1_5_2_20210813_0000466919.jpg,datasets/walksafe_kr_tactile_3class_20260521/labels/val/aihub513_tactile_2_09_0_1_5_2_20210813_0000466919.txt,docs/review/walksafe_tactile3_damage_area_20260522/final_overlays/101_hard_negative_false_positive_damage_area_001_hard_negative_false_positive_damage_area_aihub513_tactile_2_09_0_1_5_2_20210813_0000466919.jpg,docs/review/walksafe_tactile3_damage_area_20260522/final_crops/101_hard_negative_false_positive_damage_area_001_hard_negative_false_positive_damage_area_aihub513_tactile_2_09_0_1_5_2_20210813_0000466919.jpg,0,9,0,9
tactile3-da-final-102,102,hard_negative_false_positive_damage_area,add_missing_tactile_damage_area,high,이음부 표면 박리와 모서리 손상 명확함,no,yes,val,datasets/walksafe_kr_tactile_3class_20260521/images/val/aihub513_tactile_2_09_0_1_1_1_20210902_0000446154.jpg,datasets/walksafe_kr_tactile_3class_20260521/labels/val/aihub513_tactile_2_09_0_1_1_1_20210902_0000446154.txt,docs/review/walksafe_tactile3_damage_area_20260522/final_overlays/102_hard_negative_false_positive_damage_area_002_hard_negative_false_positive_damage_area_aihub513_tactile_2_09_0_1_1_1_20210902_0000446154.jpg,docs/review/walksafe_tactile3_damage_area_20260522/final_crops/102_hard_negative_false_positive_damage_area_002_hard_negative_false_positive_damage_area_aihub513_tactile_2_09_0_1_1_1_20210902_0000446154.jpg,0,9,0,9
tactile3-da-final-103,103,hard_negative_false_positive_damage_area,add_missing_tactile_damage_area,high,이음부 마모와 표면 박리 명확함,no,yes,val,datasets/walksafe_kr_tactile_3class_20260521/images/val/aihub513_tactile_2_09_0_1_1_4_20210806_0000105648.jpg,datasets/walksafe_kr_tactile_3class_20260521/labels/val/aihub513_tactile_2_09_0_1_1_4_20210806_0000105648.txt,docs/review/walksafe_tactile3_damage_area_20260522/final_overlays/103_hard_negative_false_positive_damage_area_001_hard_negative_false_positive_damage_area_aihub513_tactile_2_09_0_1_1_4_20210806_0000105648.jpg,docs/review/walksafe_tactile3_damage_area_20260522/final_crops/103_hard_negative_false_positive_damage_area_001_hard_negative_false_positive_damage_area_aihub513_tactile_2_09_0_1_1_4_20210806_0000105648.jpg,0,8,0,8
tactile3-da-final-104,104,hard_negative_false_positive_damage_area,add_missing_tactile_damage_area,high,회색 박리 영역이 명확함,no,yes,val,datasets/walksafe_kr_tactile_3class_20260521/images/val/aihub513_tactile_2_09_0_1_5_1_20211003_0000608238.jpg,datasets/walksafe_kr_tactile_3class_20260521/labels/val/aihub513_tactile_2_09_0_1_5_1_20211003_0000608238.txt,docs/review/walksafe_tactile3_damage_area_20260522/final_overlays/104_hard_negative_false_positive_damage_area_001_hard_negative_false_positive_damage_area_aihub513_tactile_2_09_0_1_5_1_20211003_0000608238.jpg,docs/review/walksafe_tactile3_damage_area_20260522/final_crops/104_hard_negative_false_positive_damage_area_001_hard_negative_false_positive_damage_area_aihub513_tactile_2_09_0_1_5_1_20211003_0000608238.jpg,0,8,0,8
tactile3-da-final-105,105,hard_negative_false_positive_damage_area,accept_existing_labels,medium,대부분 가장자리 이물과 작은 흔적임,no,yes,val,datasets/walksafe_kr_tactile_3class_20260521/images/val/aihub513_tactile_2_09_0_1_5_1_20211006_0000603590.jpg,datasets/walksafe_kr_tactile_3class_20260521/labels/val/aihub513_tactile_2_09_0_1_5_1_20211006_0000603590.txt,docs/review/walksafe_tactile3_damage_area_20260522/final_overlays/105_hard_negative_false_positive_damage_area_002_hard_negative_false_positive_damage_area_aihub513_tactile_2_09_0_1_5_1_20211006_0000603590.jpg,docs/review/walksafe_tactile3_damage_area_20260522/final_crops/105_hard_negative_false_positive_damage_area_002_hard_negative_false_positive_damage_area_aihub513_tactile_2_09_0_1_5_1_20211006_0000603590.jpg,0,8,0,8
tactile3-da-final-106,106,hard_negative_false_positive_damage_area,add_missing_tactile_damage_area,medium,이음부와 가장자리 칩 손상 의심,no,yes,val,datasets/walksafe_kr_tactile_3class_20260521/images/val/aihub513_tactile_2_09_0_1_1_1_20210913_0000499342.jpg,datasets/walksafe_kr_tactile_3class_20260521/labels/val/aihub513_tactile_2_09_0_1_1_1_20210913_0000499342.txt,docs/review/walksafe_tactile3_damage_area_20260522/final_overlays/106_hard_negative_false_positive_damage_area_001_hard_negative_false_positive_damage_area_aihub513_tactile_2_09_0_1_1_1_20210913_0000499342.jpg,docs/review/walksafe_tactile3_damage_area_20260522/final_crops/106_hard_negative_false_positive_damage_area_001_hard_negative_false_positive_damage_area_aihub513_tactile_2_09_0_1_1_1_20210913_0000499342.jpg,0,7,0,7
tactile3-da-final-107,107,hard_negative_false_positive_damage_area,add_missing_tactile_damage_area,high,큰 표면 박리 손상이 명확함,no,yes,val,datasets/walksafe_kr_tactile_3class_20260521/images/val/aihub513_tactile_2_09_0_1_6_1_20210826_0000477580.jpg,datasets/walksafe_kr_tactile_3class_20260521/labels/val/aihub513_tactile_2_09_0_1_6_1_20210826_0000477580.txt,docs/review/walksafe_tactile3_damage_area_20260522/final_overlays/107_hard_negative_false_positive_damage_area_002_hard_negative_false_positive_damage_area_aihub513_tactile_2_09_0_1_6_1_20210826_0000477580.jpg,docs/review/walksafe_tactile3_damage_area_20260522/final_crops/107_hard_negative_false_positive_damage_area_002_hard_negative_false_positive_damage_area_aihub513_tactile_2_09_0_1_6_1_20210826_0000477580.jpg,0,7,0,7
tactile3-da-final-108,108,hard_negative_false_positive_damage_area,accept_existing_labels,medium,주로 이음부 이물과 노후 질감임,no,yes,val,datasets/walksafe_kr_tactile_3class_20260521/images/val/aihub513_tactile_2_09_0_1_1_2_20210730_0000051914.jpg,datasets/walksafe_kr_tactile_3class_20260521/labels/val/aihub513_tactile_2_09_0_1_1_2_20210730_0000051914.txt,docs/review/walksafe_tactile3_damage_area_20260522/final_overlays/108_hard_negative_false_positive_damage_area_002_hard_negative_false_positive_damage_area_aihub513_tactile_2_09_0_1_1_2_20210730_0000051914.jpg,docs/review/walksafe_tactile3_damage_area_20260522/final_crops/108_hard_negative_false_positive_damage_area_002_hard_negative_false_positive_damage_area_aihub513_tactile_2_09_0_1_1_2_20210730_0000051914.jpg,0,7,0,7
tactile3-da-final-109,109,hard_negative_false_positive_damage_area,add_missing_tactile_damage_area,high,좌측 모서리 파손과 표면 손상 명확함,no,yes,val,datasets/walksafe_kr_tactile_3class_20260521/images/val/aihub513_tactile_2_09_0_1_5_1_20210928_0000573039.jpg,datasets/walksafe_kr_tactile_3class_20260521/labels/val/aihub513_tactile_2_09_0_1_5_1_20210928_0000573039.txt,docs/review/walksafe_tactile3_damage_area_20260522/final_overlays/109_hard_negative_false_positive_damage_area_003_hard_negative_false_positive_damage_area_aihub513_tactile_2_09_0_1_5_1_20210928_0000573039.jpg,docs/review/walksafe_tactile3_damage_area_20260522/final_crops/109_hard_negative_false_positive_damage_area_003_hard_negative_false_positive_damage_area_aihub513_tactile_2_09_0_1_5_1_20210928_0000573039.jpg,0,7,0,7
tactile3-da-final-110,110,hard_negative_false_positive_damage_area,add_missing_tactile_damage_area,high,검은 박리와 이음부 손상 명확함,no,yes,val,datasets/walksafe_kr_tactile_3class_20260521/images/val/aihub513_tactile_2_09_0_1_4_1_20210908_0000461371.jpg,datasets/walksafe_kr_tactile_3class_20260521/labels/val/aihub513_tactile_2_09_0_1_4_1_20210908_0000461371.txt,docs/review/walksafe_tactile3_damage_area_20260522/final_overlays/110_hard_negative_false_positive_damage_area_001_hard_negative_false_positive_damage_area_aihub513_tactile_2_09_0_1_4_1_20210908_0000461371.jpg,docs/review/walksafe_tactile3_damage_area_20260522/final_crops/110_hard_negative_false_positive_damage_area_001_hard_negative_false_positive_damage_area_aihub513_tactile_2_09_0_1_4_1_20210908_0000461371.jpg,0,6,0,6
tactile3-da-final-111,111,hard_negative_false_positive_damage_area,add_missing_tactile_damage_area,high,회색 박리 손상이 여러 곳 보임,no,yes,val,datasets/walksafe_kr_tactile_3class_20260521/images/val/aihub513_tactile_2_09_0_1_5_1_20210912_0000513164.jpg,datasets/walksafe_kr_tactile_3class_20260521/labels/val/aihub513_tactile_2_09_0_1_5_1_20210912_0000513164.txt,docs/review/walksafe_tactile3_damage_area_20260522/final_overlays/111_hard_negative_false_positive_damage_area_001_hard_negative_false_positive_damage_area_aihub513_tactile_2_09_0_1_5_1_20210912_0000513164.jpg,docs/review/walksafe_tactile3_damage_area_20260522/final_crops/111_hard_negative_false_positive_damage_area_001_hard_negative_false_positive_damage_area_aihub513_tactile_2_09_0_1_5_1_20210912_0000513164.jpg,0,6,0,6
tactile3-da-final-112,112,hard_negative_false_positive_damage_area,add_missing_tactile_damage_area,medium,표면 박리와 마모가 손상으로 보임,no,yes,val,datasets/walksafe_kr_tactile_3class_20260521/images/val/aihub513_tactile_2_09_0_1_1_1_20211012_0000695107.jpg,datasets/walksafe_kr_tactile_3class_20260521/labels/val/aihub513_tactile_2_09_0_1_1_1_20211012_0000695107.txt,docs/review/walksafe_tactile3_damage_area_20260522/final_overlays/112_hard_negative_false_positive_damage_area_001_hard_negative_false_positive_damage_area_aihub513_tactile_2_09_0_1_1_1_20211012_0000695107.jpg,docs/review/walksafe_tactile3_damage_area_20260522/final_crops/112_hard_negative_false_positive_damage_area_001_hard_negative_false_positive_damage_area_aihub513_tactile_2_09_0_1_1_1_20211012_0000695107.jpg,0,6,0,6
tactile3-da-final-113,113,hard_negative_false_positive_damage_area,add_missing_tactile_damage_area,medium,좌측 모서리 칩 손상 의심,no,yes,val,datasets/walksafe_kr_tactile_3class_20260521/images/val/aihub513_tactile_2_09_0_1_4_1_20210830_0000436492.jpg,datasets/walksafe_kr_tactile_3class_20260521/labels/val/aihub513_tactile_2_09_0_1_4_1_20210830_0000436492.txt,docs/review/walksafe_tactile3_damage_area_20260522/final_overlays/113_hard_negative_false_positive_damage_area_002_hard_negative_false_positive_damage_area_aihub513_tactile_2_09_0_1_4_1_20210830_0000436492.jpg,docs/review/walksafe_tactile3_damage_area_20260522/final_crops/113_hard_negative_false_positive_damage_area_002_hard_negative_false_positive_damage_area_aihub513_tactile_2_09_0_1_4_1_20210830_0000436492.jpg,0,6,0,6
tactile3-da-final-114,114,hard_negative_false_positive_damage_area,add_missing_tactile_damage_area,high,구멍형 박리 손상이 명확함,no,yes,val,datasets/walksafe_kr_tactile_3class_20260521/images/val/aihub513_tactile_2_09_0_1_5_1_20210926_0000562295.jpg,datasets/walksafe_kr_tactile_3class_20260521/labels/val/aihub513_tactile_2_09_0_1_5_1_20210926_0000562295.txt,docs/review/walksafe_tactile3_damage_area_20260522/final_overlays/114_hard_negative_false_positive_damage_area_004_hard_negative_false_positive_damage_area_aihub513_tactile_2_09_0_1_5_1_20210926_0000562295.jpg,docs/review/walksafe_tactile3_damage_area_20260522/final_crops/114_hard_negative_false_positive_damage_area_004_hard_negative_false_positive_damage_area_aihub513_tactile_2_09_0_1_5_1_20210926_0000562295.jpg,0,6,0,6
tactile3-da-final-115,115,hard_negative_false_positive_damage_area,accept_existing_labels,medium,대부분 정상 이음부와 이물로 보임,no,yes,val,datasets/walksafe_kr_tactile_3class_20260521/images/val/aihub513_tactile_2_09_0_1_6_1_20210909_0000493239.jpg,datasets/walksafe_kr_tactile_3class_20260521/labels/val/aihub513_tactile_2_09_0_1_6_1_20210909_0000493239.txt,docs/review/walksafe_tactile3_damage_area_20260522/final_overlays/115_hard_negative_false_positive_damage_area_003_hard_negative_false_positive_damage_area_aihub513_tactile_2_09_0_1_6_1_20210909_0000493239.jpg,docs/review/walksafe_tactile3_damage_area_20260522/final_crops/115_hard_negative_false_positive_damage_area_003_hard_negative_false_positive_damage_area_aihub513_tactile_2_09_0_1_6_1_20210909_0000493239.jpg,0,6,0,6
tactile3-da-final-116,116,hard_negative_false_positive_damage_area,accept_existing_labels,medium,얼룩과 이물 위주로 손상 불명확,no,yes,val,datasets/walksafe_kr_tactile_3class_20260521/images/val/aihub513_tactile_2_09_0_1_5_1_20211006_0000600527.jpg,datasets/walksafe_kr_tactile_3class_20260521/labels/val/aihub513_tactile_2_09_0_1_5_1_20211006_0000600527.txt,docs/review/walksafe_tactile3_damage_area_20260522/final_overlays/116_hard_negative_false_positive_damage_area_005_hard_negative_false_positive_damage_area_aihub513_tactile_2_09_0_1_5_1_20211006_0000600527.jpg,docs/review/walksafe_tactile3_damage_area_20260522/final_crops/116_hard_negative_false_positive_damage_area_005_hard_negative_false_positive_damage_area_aihub513_tactile_2_09_0_1_5_1_20211006_0000600527.jpg,0,6,0,6
tactile3-da-final-117,117,hard_negative_false_positive_damage_area,add_missing_tactile_damage_area,high,큰 균열과 파손 영역 명확함,no,yes,val,datasets/walksafe_kr_tactile_3class_20260521/images/val/aihub513_tactile_2_09_0_1_1_2_20210727_0000063049.jpg,datasets/walksafe_kr_tactile_3class_20260521/labels/val/aihub513_tactile_2_09_0_1_1_2_20210727_0000063049.txt,docs/review/walksafe_tactile3_damage_area_20260522/final_overlays/117_hard_negative_false_positive_damage_area_003_hard_negative_false_positive_damage_area_aihub513_tactile_2_09_0_1_1_2_20210727_0000063049.jpg,docs/review/walksafe_tactile3_damage_area_20260522/final_crops/117_hard_negative_false_positive_damage_area_003_hard_negative_false_positive_damage_area_aihub513_tactile_2_09_0_1_1_2_20210727_0000063049.jpg,0,5,0,5
tactile3-da-final-118,118,hard_negative_false_positive_damage_area,accept_existing_labels,medium,검은 얼룩과 이음부로 보임,no,yes,val,datasets/walksafe_kr_tactile_3class_20260521/images/val/aihub513_tactile_2_09_0_1_1_1_20210902_0000460108.jpg,datasets/walksafe_kr_tactile_3class_20260521/labels/val/aihub513_tactile_2_09_0_1_1_1_20210902_0000460108.txt,docs/review/walksafe_tactile3_damage_area_20260522/final_overlays/118_hard_negative_false_positive_damage_area_003_hard_negative_false_positive_damage_area_aihub513_tactile_2_09_0_1_1_1_20210902_0000460108.jpg,docs/review/walksafe_tactile3_damage_area_20260522/final_crops/118_hard_negative_false_positive_damage_area_003_hard_negative_false_positive_damage_area_aihub513_tactile_2_09_0_1_1_1_20210902_0000460108.jpg,0,5,0,5
tactile3-da-final-119,119,hard_negative_false_positive_damage_area,exclude_unclear,low,가장자리 이물과 손상 구분 어려움,no,yes,val,datasets/walksafe_kr_tactile_3class_20260521/images/val/aihub513_tactile_2_09_0_1_5_1_20210912_0000513145.jpg,datasets/walksafe_kr_tactile_3class_20260521/labels/val/aihub513_tactile_2_09_0_1_5_1_20210912_0000513145.txt,docs/review/walksafe_tactile3_damage_area_20260522/final_overlays/119_hard_negative_false_positive_damage_area_002_hard_negative_false_positive_damage_area_aihub513_tactile_2_09_0_1_5_1_20210912_0000513145.jpg,docs/review/walksafe_tactile3_damage_area_20260522/final_crops/119_hard_negative_false_positive_damage_area_002_hard_negative_false_positive_damage_area_aihub513_tactile_2_09_0_1_5_1_20210912_0000513145.jpg,0,5,0,5
tactile3-da-final-120,120,hard_negative_false_positive_damage_area,add_missing_tactile_damage_area,medium,검은 표면 박리 후보가 보임,no,yes,val,datasets/walksafe_kr_tactile_3class_20260521/images/val/aihub513_tactile_2_09_0_1_4_1_20210917_0000516188.jpg,datasets/walksafe_kr_tactile_3class_20260521/labels/val/aihub513_tactile_2_09_0_1_4_1_20210917_0000516188.txt,docs/review/walksafe_tactile3_damage_area_20260522/final_overlays/120_hard_negative_false_positive_damage_area_002_hard_negative_false_positive_damage_area_aihub513_tactile_2_09_0_1_4_1_20210917_0000516188.jpg,docs/review/walksafe_tactile3_damage_area_20260522/final_crops/120_hard_negative_false_positive_damage_area_002_hard_negative_false_positive_damage_area_aihub513_tactile_2_09_0_1_4_1_20210917_0000516188.jpg,0,5,0,5
