review_id,review_order,source_bucket,confidence,gt_box_xywhn,pred_box_xywhn,source_image,sanitized_image_path,source_label,overlay_path,crop_path,review_notes,manual_label_required,source_label_box_count,package_image_path,package_initial_label_path,package_final_label_path,package_overlay_path,package_crop_path,package_image_width,package_image_height
v3-review-082,4,false_positive_extra_box,0.336823,,"0.451260,0.573435,0.251342,0.044295:0.336823",/home/ddobagi/Code/hanium-dreamup/datasets/walksafe_kr_v2/images/test/aihub513_tactile_2_09_1_1_1_1_20210721_0000062925.jpg,datasets/walksafe_kr_v3_privacy_sanitized_20260520/images/wsv3_img_0013_5a72475851.jpg,/home/ddobagi/Code/hanium-dreamup/datasets/walksafe_kr_v2/labels/test/aihub513_tactile_2_09_1_1_1_1_20210721_0000062925.txt,datasets/walksafe_kr_v3_manual_review_20260520/images/overlays/004_v3-review-082_false_positive_extra_box.jpg,datasets/walksafe_kr_v3_manual_review_20260520/images/crops/004_v3-review-082_false_positive_extra_box.jpg,어두운 마모/파손 의심 부위가 있으나 기존/후보 박스 범위 재정의 필요,yes; create/edit YOLO label manually before training,4,images/wsv3_img_0013_5a72475851.jpg,labels_initial/wsv3_img_0013_5a72475851.txt,labels_final/wsv3_img_0013_5a72475851.txt,overlays/004_v3-review-082_false_positive_extra_box.jpg,crops/004_v3-review-082_false_positive_extra_box.jpg,1152,2048
v3-review-083,5,false_positive_extra_box,0.305262,,"0.437334,0.472096,0.238023,0.043480:0.305262",/home/ddobagi/Code/hanium-dreamup/datasets/walksafe_kr_v2/images/test/aihub513_tactile_2_09_1_1_1_1_20210721_0000062925.jpg,datasets/walksafe_kr_v3_privacy_sanitized_20260520/images/wsv3_img_0013_5a72475851.jpg,/home/ddobagi/Code/hanium-dreamup/datasets/walksafe_kr_v2/labels/test/aihub513_tactile_2_09_1_1_1_1_20210721_0000062925.txt,datasets/walksafe_kr_v3_manual_review_20260520/images/overlays/005_v3-review-083_false_positive_extra_box.jpg,datasets/walksafe_kr_v3_manual_review_20260520/images/crops/005_v3-review-083_false_positive_extra_box.jpg,이음부 마모/파손 의심 부위가 있으나 박스 위치와 범위 수정 필요,yes; create/edit YOLO label manually before training,4,images/wsv3_img_0013_5a72475851.jpg,labels_initial/wsv3_img_0013_5a72475851.txt,labels_final/wsv3_img_0013_5a72475851.txt,overlays/005_v3-review-083_false_positive_extra_box.jpg,crops/005_v3-review-083_false_positive_extra_box.jpg,1152,2048
v3-review-099,12,false_positive_extra_box,0.262737,,"0.558932,0.395017,0.113068,0.030229:0.262737",/home/ddobagi/Code/hanium-dreamup/datasets/walksafe_kr_v2/images/test/aihub513_tactile_2_09_1_1_1_1_20210811_0000158622.jpg,datasets/walksafe_kr_v3_privacy_sanitized_20260520/images/wsv3_img_0018_cbb2f7c226.jpg,/home/ddobagi/Code/hanium-dreamup/datasets/walksafe_kr_v2/labels/test/aihub513_tactile_2_09_1_1_1_1_20210811_0000158622.txt,datasets/walksafe_kr_v3_manual_review_20260520/images/overlays/012_v3-review-099_false_positive_extra_box.jpg,datasets/walksafe_kr_v3_manual_review_20260520/images/crops/012_v3-review-099_false_positive_extra_box.jpg,점자블럭 모서리 박리/파손이 있으나 기존 박스가 일부만 포함,yes; create/edit YOLO label manually before training,4,images/wsv3_img_0018_cbb2f7c226.jpg,labels_initial/wsv3_img_0018_cbb2f7c226.txt,labels_final/wsv3_img_0018_cbb2f7c226.txt,overlays/012_v3-review-099_false_positive_extra_box.jpg,crops/012_v3-review-099_false_positive_extra_box.jpg,1152,2048
v3-review-100,13,false_positive_extra_box,0.475851,,"0.582410,0.465833,0.081187,0.043758:0.475851",/home/ddobagi/Code/hanium-dreamup/datasets/walksafe_kr_v2/images/test/aihub513_tactile_2_09_1_1_1_1_20210813_0000214336.jpg,datasets/walksafe_kr_v3_privacy_sanitized_20260520/images/wsv3_img_0019_d6844841fe.jpg,/home/ddobagi/Code/hanium-dreamup/datasets/walksafe_kr_v2/labels/test/aihub513_tactile_2_09_1_1_1_1_20210813_0000214336.txt,datasets/walksafe_kr_v3_manual_review_20260520/images/overlays/013_v3-review-100_false_positive_extra_box.jpg,datasets/walksafe_kr_v3_manual_review_20260520/images/crops/013_v3-review-100_false_positive_extra_box.jpg,점자블럭 가장자리 대형 박리/노출 파손; 수동 박스 필요,yes; create/edit YOLO label manually before training,4,images/wsv3_img_0019_d6844841fe.jpg,labels_initial/wsv3_img_0019_d6844841fe.txt,labels_final/wsv3_img_0019_d6844841fe.txt,overlays/013_v3-review-100_false_positive_extra_box.jpg,crops/013_v3-review-100_false_positive_extra_box.jpg,1152,2048
v3-review-101,14,false_positive_extra_box,0.387403,,"0.515610,0.115114,0.059790,0.018937:0.387403",/home/ddobagi/Code/hanium-dreamup/datasets/walksafe_kr_v2/images/test/aihub513_tactile_2_09_1_1_1_1_20210815_0000223148.jpg,datasets/walksafe_kr_v3_privacy_sanitized_20260520/images/wsv3_img_0020_feca97a29f.jpg,/home/ddobagi/Code/hanium-dreamup/datasets/walksafe_kr_v2/labels/test/aihub513_tactile_2_09_1_1_1_1_20210815_0000223148.txt,datasets/walksafe_kr_v3_manual_review_20260520/images/overlays/014_v3-review-101_false_positive_extra_box.jpg,datasets/walksafe_kr_v3_manual_review_20260520/images/crops/014_v3-review-101_false_positive_extra_box.jpg,중앙 박리 파손이 기존 초록 박스에 포함되지 않아 추가 라벨 필요,yes; create/edit YOLO label manually before training,4,images/wsv3_img_0020_feca97a29f.jpg,labels_initial/wsv3_img_0020_feca97a29f.txt,labels_final/wsv3_img_0020_feca97a29f.txt,overlays/014_v3-review-101_false_positive_extra_box.jpg,crops/014_v3-review-101_false_positive_extra_box.jpg,1152,2048
v3-review-102,15,false_positive_extra_box,0.292800,,"0.535699,0.251207,0.143100,0.088767:0.292800",/home/ddobagi/Code/hanium-dreamup/datasets/walksafe_kr_v2/images/test/aihub513_tactile_2_09_1_1_1_1_20210829_0000386808.jpg,datasets/walksafe_kr_v3_privacy_sanitized_20260520/images/wsv3_img_0021_51453cd280.jpg,/home/ddobagi/Code/hanium-dreamup/datasets/walksafe_kr_v2/labels/test/aihub513_tactile_2_09_1_1_1_1_20210829_0000386808.txt,datasets/walksafe_kr_v3_manual_review_20260520/images/overlays/015_v3-review-102_false_positive_extra_box.jpg,datasets/walksafe_kr_v3_manual_review_20260520/images/crops/015_v3-review-102_false_positive_extra_box.jpg,대면적 박리 파손이 명확하나 박스 수동 조정 필요,yes; create/edit YOLO label manually before training,4,images/wsv3_img_0021_51453cd280.jpg,labels_initial/wsv3_img_0021_51453cd280.txt,labels_final/wsv3_img_0021_51453cd280.txt,overlays/015_v3-review-102_false_positive_extra_box.jpg,crops/015_v3-review-102_false_positive_extra_box.jpg,1152,2048
v3-review-104,16,false_positive_extra_box,0.552764,,"0.426504,0.435683,0.071824,0.035538:0.552764",/home/ddobagi/Code/hanium-dreamup/datasets/walksafe_kr_v2/images/test/aihub513_tactile_2_09_1_1_1_1_20210902_0000446087.jpg,datasets/walksafe_kr_v3_privacy_sanitized_20260520/images/wsv3_img_0022_2c8938e81f.jpg,/home/ddobagi/Code/hanium-dreamup/datasets/walksafe_kr_v2/labels/test/aihub513_tactile_2_09_1_1_1_1_20210902_0000446087.txt,datasets/walksafe_kr_v3_manual_review_20260520/images/overlays/016_v3-review-104_false_positive_extra_box.jpg,datasets/walksafe_kr_v3_manual_review_20260520/images/crops/016_v3-review-104_false_positive_extra_box.jpg,모서리 파손이 있으나 기존 초록 박스가 전체 파손 범위를 충분히 포함하지 않음,yes; create/edit YOLO label manually before training,2,images/wsv3_img_0022_2c8938e81f.jpg,labels_initial/wsv3_img_0022_2c8938e81f.txt,labels_final/wsv3_img_0022_2c8938e81f.txt,overlays/016_v3-review-104_false_positive_extra_box.jpg,crops/016_v3-review-104_false_positive_extra_box.jpg,1152,2048
v3-review-105,17,false_positive_extra_box,0.368167,,"0.391115,0.583721,0.058330,0.110246:0.368167",/home/ddobagi/Code/hanium-dreamup/datasets/walksafe_kr_v2/images/test/aihub513_tactile_2_09_1_1_1_1_20210902_0000446087.jpg,datasets/walksafe_kr_v3_privacy_sanitized_20260520/images/wsv3_img_0022_2c8938e81f.jpg,/home/ddobagi/Code/hanium-dreamup/datasets/walksafe_kr_v2/labels/test/aihub513_tactile_2_09_1_1_1_1_20210902_0000446087.txt,datasets/walksafe_kr_v3_manual_review_20260520/images/overlays/017_v3-review-105_false_positive_extra_box.jpg,datasets/walksafe_kr_v3_manual_review_20260520/images/crops/017_v3-review-105_false_positive_extra_box.jpg,측면 박리/파손이 명확하나 박스 재라벨 필요,yes; create/edit YOLO label manually before training,2,images/wsv3_img_0022_2c8938e81f.jpg,labels_initial/wsv3_img_0022_2c8938e81f.txt,labels_final/wsv3_img_0022_2c8938e81f.txt,overlays/017_v3-review-105_false_positive_extra_box.jpg,crops/017_v3-review-105_false_positive_extra_box.jpg,1152,2048
v3-review-106,18,false_positive_extra_box,0.257584,,"0.381796,0.595026,0.033170,0.082445:0.257584",/home/ddobagi/Code/hanium-dreamup/datasets/walksafe_kr_v2/images/test/aihub513_tactile_2_09_1_1_1_1_20210902_0000446087.jpg,datasets/walksafe_kr_v3_privacy_sanitized_20260520/images/wsv3_img_0022_2c8938e81f.jpg,/home/ddobagi/Code/hanium-dreamup/datasets/walksafe_kr_v2/labels/test/aihub513_tactile_2_09_1_1_1_1_20210902_0000446087.txt,datasets/walksafe_kr_v3_manual_review_20260520/images/overlays/018_v3-review-106_false_positive_extra_box.jpg,datasets/walksafe_kr_v3_manual_review_20260520/images/crops/018_v3-review-106_false_positive_extra_box.jpg,측면 세로 파손이 명확하나 박스 재라벨 필요,yes; create/edit YOLO label manually before training,2,images/wsv3_img_0022_2c8938e81f.jpg,labels_initial/wsv3_img_0022_2c8938e81f.txt,labels_final/wsv3_img_0022_2c8938e81f.txt,overlays/018_v3-review-106_false_positive_extra_box.jpg,crops/018_v3-review-106_false_positive_extra_box.jpg,1152,2048
v3-review-113,21,false_positive_extra_box,0.288661,,"0.357503,0.916956,0.080705,0.084904:0.288661",/home/ddobagi/Code/hanium-dreamup/datasets/walksafe_kr_v2/images/test/aihub513_tactile_2_09_1_1_1_1_20210930_0000584177.jpg,datasets/walksafe_kr_v3_privacy_sanitized_20260520/images/wsv3_img_0025_59636086f1.jpg,/home/ddobagi/Code/hanium-dreamup/datasets/walksafe_kr_v2/labels/test/aihub513_tactile_2_09_1_1_1_1_20210930_0000584177.txt,datasets/walksafe_kr_v3_manual_review_20260520/images/overlays/021_v3-review-113_false_positive_extra_box.jpg,datasets/walksafe_kr_v3_manual_review_20260520/images/crops/021_v3-review-113_false_positive_extra_box.jpg,블럭 모서리 파손이 명확하나 박스 범위 재조정 필요,yes; create/edit YOLO label manually before training,4,images/wsv3_img_0025_59636086f1.jpg,labels_initial/wsv3_img_0025_59636086f1.txt,labels_final/wsv3_img_0025_59636086f1.txt,overlays/021_v3-review-113_false_positive_extra_box.jpg,crops/021_v3-review-113_false_positive_extra_box.jpg,1152,2048
v3-review-115,22,false_positive_extra_box,0.343312,,"0.518051,0.576571,0.239584,0.029619:0.343312",/home/ddobagi/Code/hanium-dreamup/datasets/walksafe_kr_v2/images/test/aihub513_tactile_2_09_1_1_1_1_20211005_0000597005.jpg,datasets/walksafe_kr_v3_privacy_sanitized_20260520/images/wsv3_img_0027_d0911851c4.jpg,/home/ddobagi/Code/hanium-dreamup/datasets/walksafe_kr_v2/labels/test/aihub513_tactile_2_09_1_1_1_1_20211005_0000597005.txt,datasets/walksafe_kr_v3_manual_review_20260520/images/overlays/022_v3-review-115_false_positive_extra_box.jpg,datasets/walksafe_kr_v3_manual_review_20260520/images/crops/022_v3-review-115_false_positive_extra_box.jpg,이음부 균열/박리와 이물이 혼재되어 박스 범위 수동 조정 필요,yes; create/edit YOLO label manually before training,4,images/wsv3_img_0027_d0911851c4.jpg,labels_initial/wsv3_img_0027_d0911851c4.txt,labels_final/wsv3_img_0027_d0911851c4.txt,overlays/022_v3-review-115_false_positive_extra_box.jpg,crops/022_v3-review-115_false_positive_extra_box.jpg,1152,2048
v3-review-124,24,false_positive_extra_box,0.473052,,"0.472610,0.555516,0.282841,0.105806:0.473052",/home/ddobagi/Code/hanium-dreamup/datasets/walksafe_kr_v2/images/test/aihub513_tactile_2_09_1_1_1_1_20211021_0000700279.jpg,datasets/walksafe_kr_v3_privacy_sanitized_20260520/images/wsv3_img_0032_2f57e4b636.jpg,/home/ddobagi/Code/hanium-dreamup/datasets/walksafe_kr_v2/labels/test/aihub513_tactile_2_09_1_1_1_1_20211021_0000700279.txt,datasets/walksafe_kr_v3_manual_review_20260520/images/overlays/024_v3-review-124_false_positive_extra_box.jpg,datasets/walksafe_kr_v3_manual_review_20260520/images/crops/024_v3-review-124_false_positive_extra_box.jpg,큰 균열 파손이 있으나 후보/기존 박스 범위 재정의 필요,yes; create/edit YOLO label manually before training,4,images/wsv3_img_0032_2f57e4b636.jpg,labels_initial/wsv3_img_0032_2f57e4b636.txt,labels_final/wsv3_img_0032_2f57e4b636.txt,overlays/024_v3-review-124_false_positive_extra_box.jpg,crops/024_v3-review-124_false_positive_extra_box.jpg,1153,2048
v3-review-126,25,false_positive_extra_box,0.346901,,"0.615339,0.396126,0.087896,0.048015:0.346901",/home/ddobagi/Code/hanium-dreamup/datasets/walksafe_kr_v2/images/test/aihub513_tactile_2_09_1_1_1_1_20211024_0000816514.jpg,datasets/walksafe_kr_v3_privacy_sanitized_20260520/images/wsv3_img_0033_16b2751d2d.jpg,/home/ddobagi/Code/hanium-dreamup/datasets/walksafe_kr_v2/labels/test/aihub513_tactile_2_09_1_1_1_1_20211024_0000816514.txt,datasets/walksafe_kr_v3_manual_review_20260520/images/overlays/025_v3-review-126_false_positive_extra_box.jpg,datasets/walksafe_kr_v3_manual_review_20260520/images/crops/025_v3-review-126_false_positive_extra_box.jpg,모서리 파손 및 균열이 있어 박스 재라벨 필요,yes; create/edit YOLO label manually before training,3,images/wsv3_img_0033_16b2751d2d.jpg,labels_initial/wsv3_img_0033_16b2751d2d.txt,labels_final/wsv3_img_0033_16b2751d2d.txt,overlays/025_v3-review-126_false_positive_extra_box.jpg,crops/025_v3-review-126_false_positive_extra_box.jpg,1152,2048
v3-review-135,26,false_positive_extra_box,0.400305,,"0.538987,0.263037,0.227255,0.121276:0.400305",/home/ddobagi/Code/hanium-dreamup/datasets/walksafe_kr_v2/images/test/aihub513_tactile_2_09_1_1_1_2_20210725_0000013733.jpg,datasets/walksafe_kr_v3_privacy_sanitized_20260520/images/wsv3_img_0038_91a751c483.jpg,/home/ddobagi/Code/hanium-dreamup/datasets/walksafe_kr_v2/labels/test/aihub513_tactile_2_09_1_1_1_2_20210725_0000013733.txt,datasets/walksafe_kr_v3_manual_review_20260520/images/overlays/026_v3-review-135_false_positive_extra_box.jpg,datasets/walksafe_kr_v3_manual_review_20260520/images/crops/026_v3-review-135_false_positive_extra_box.jpg,여러 박리 파손이 있으나 기존 박스가 일부만 잡음,yes; create/edit YOLO label manually before training,4,images/wsv3_img_0038_91a751c483.jpg,labels_initial/wsv3_img_0038_91a751c483.txt,labels_final/wsv3_img_0038_91a751c483.txt,overlays/026_v3-review-135_false_positive_extra_box.jpg,crops/026_v3-review-135_false_positive_extra_box.jpg,1152,2048
v3-review-136,27,false_positive_extra_box,0.277104,,"0.501716,0.262548,0.147246,0.119622:0.277104",/home/ddobagi/Code/hanium-dreamup/datasets/walksafe_kr_v2/images/test/aihub513_tactile_2_09_1_1_1_2_20210725_0000013733.jpg,datasets/walksafe_kr_v3_privacy_sanitized_20260520/images/wsv3_img_0038_91a751c483.jpg,/home/ddobagi/Code/hanium-dreamup/datasets/walksafe_kr_v2/labels/test/aihub513_tactile_2_09_1_1_1_2_20210725_0000013733.txt,datasets/walksafe_kr_v3_manual_review_20260520/images/overlays/027_v3-review-136_false_positive_extra_box.jpg,datasets/walksafe_kr_v3_manual_review_20260520/images/crops/027_v3-review-136_false_positive_extra_box.jpg,여러 박리 파손/균열이 있으나 박스 범위 재정의 필요,yes; create/edit YOLO label manually before training,4,images/wsv3_img_0038_91a751c483.jpg,labels_initial/wsv3_img_0038_91a751c483.txt,labels_final/wsv3_img_0038_91a751c483.txt,overlays/027_v3-review-136_false_positive_extra_box.jpg,crops/027_v3-review-136_false_positive_extra_box.jpg,1152,2048
v3-review-159,33,false_positive_extra_box,0.753533,,"0.497225,0.231228,0.235870,0.098104:0.753533",/home/ddobagi/Code/hanium-dreamup/datasets/walksafe_kr_v2/images/test/aihub513_tactile_2_09_1_1_1_2_20210829_0000386812.jpg,datasets/walksafe_kr_v3_privacy_sanitized_20260520/images/wsv3_img_0048_323dd30126.jpg,/home/ddobagi/Code/hanium-dreamup/datasets/walksafe_kr_v2/labels/test/aihub513_tactile_2_09_1_1_1_2_20210829_0000386812.txt,datasets/walksafe_kr_v3_manual_review_20260520/images/overlays/033_v3-review-159_false_positive_extra_box.jpg,datasets/walksafe_kr_v3_manual_review_20260520/images/crops/033_v3-review-159_false_positive_extra_box.jpg,중앙 대면적 박리 파손이 기존 라벨 외 추가로 필요,yes; create/edit YOLO label manually before training,4,images/wsv3_img_0048_323dd30126.jpg,labels_initial/wsv3_img_0048_323dd30126.txt,labels_final/wsv3_img_0048_323dd30126.txt,overlays/033_v3-review-159_false_positive_extra_box.jpg,crops/033_v3-review-159_false_positive_extra_box.jpg,1152,2048
v3-review-167,41,missed_defect,0.250940,"0.554336,0.394998,0.115171,0.273015","0.535510,0.455109,0.066515,0.146012:0.250940",/home/ddobagi/Code/hanium-dreamup/datasets/walksafe_kr_v2/images/test/aihub513_tactile_2_09_1_1_2_2_20210902_0000421609.jpg,datasets/walksafe_kr_v3_privacy_sanitized_20260520/images/wsv3_img_0055_380172dcd9.jpg,/home/ddobagi/Code/hanium-dreamup/datasets/walksafe_kr_v2/labels/test/aihub513_tactile_2_09_1_1_2_2_20210902_0000421609.txt,datasets/walksafe_kr_v3_manual_review_20260520/images/overlays/041_v3-review-167_missed_defect.jpg,datasets/walksafe_kr_v3_manual_review_20260520/images/crops/041_v3-review-167_missed_defect.jpg,균열/박리 파손은 명확하나 빨간 박스 기준이라 수동 라벨 필요,yes; create/edit YOLO label manually before training,2,images/wsv3_img_0055_380172dcd9.jpg,labels_initial/wsv3_img_0055_380172dcd9.txt,labels_final/wsv3_img_0055_380172dcd9.txt,overlays/041_v3-review-167_missed_defect.jpg,crops/041_v3-review-167_missed_defect.jpg,1152,2048
v3-review-168,42,false_positive_extra_box,0.461662,,"0.486919,0.352644,0.036693,0.045774:0.461662",/home/ddobagi/Code/hanium-dreamup/datasets/walksafe_kr_v2/images/test/aihub513_tactile_2_09_1_1_2_2_20210902_0000421609.jpg,datasets/walksafe_kr_v3_privacy_sanitized_20260520/images/wsv3_img_0055_380172dcd9.jpg,/home/ddobagi/Code/hanium-dreamup/datasets/walksafe_kr_v2/labels/test/aihub513_tactile_2_09_1_1_2_2_20210902_0000421609.txt,datasets/walksafe_kr_v3_manual_review_20260520/images/overlays/042_v3-review-168_false_positive_extra_box.jpg,datasets/walksafe_kr_v3_manual_review_20260520/images/crops/042_v3-review-168_false_positive_extra_box.jpg,박리/노출 파손이 기존 초록 박스에 충분히 포함되지 않음,yes; create/edit YOLO label manually before training,2,images/wsv3_img_0055_380172dcd9.jpg,labels_initial/wsv3_img_0055_380172dcd9.txt,labels_final/wsv3_img_0055_380172dcd9.txt,overlays/042_v3-review-168_false_positive_extra_box.jpg,crops/042_v3-review-168_false_positive_extra_box.jpg,1152,2048
v3-review-169,43,false_positive_extra_box,0.285465,,"0.401197,0.650395,0.034538,0.094880:0.285465",/home/ddobagi/Code/hanium-dreamup/datasets/walksafe_kr_v2/images/test/aihub513_tactile_2_09_1_1_2_2_20210902_0000421609.jpg,datasets/walksafe_kr_v3_privacy_sanitized_20260520/images/wsv3_img_0055_380172dcd9.jpg,/home/ddobagi/Code/hanium-dreamup/datasets/walksafe_kr_v2/labels/test/aihub513_tactile_2_09_1_1_2_2_20210902_0000421609.txt,datasets/walksafe_kr_v3_manual_review_20260520/images/overlays/043_v3-review-169_false_positive_extra_box.jpg,datasets/walksafe_kr_v3_manual_review_20260520/images/crops/043_v3-review-169_false_positive_extra_box.jpg,세로 박리/노출 파손이 명확하나 수동 박스 필요,yes; create/edit YOLO label manually before training,2,images/wsv3_img_0055_380172dcd9.jpg,labels_initial/wsv3_img_0055_380172dcd9.txt,labels_final/wsv3_img_0055_380172dcd9.txt,overlays/043_v3-review-169_false_positive_extra_box.jpg,crops/043_v3-review-169_false_positive_extra_box.jpg,1152,2048
v3-review-170,44,false_positive_extra_box,0.250940,,"0.535510,0.455109,0.066515,0.146012:0.250940",/home/ddobagi/Code/hanium-dreamup/datasets/walksafe_kr_v2/images/test/aihub513_tactile_2_09_1_1_2_2_20210902_0000421609.jpg,datasets/walksafe_kr_v3_privacy_sanitized_20260520/images/wsv3_img_0055_380172dcd9.jpg,/home/ddobagi/Code/hanium-dreamup/datasets/walksafe_kr_v2/labels/test/aihub513_tactile_2_09_1_1_2_2_20210902_0000421609.txt,datasets/walksafe_kr_v3_manual_review_20260520/images/overlays/044_v3-review-170_false_positive_extra_box.jpg,datasets/walksafe_kr_v3_manual_review_20260520/images/crops/044_v3-review-170_false_positive_extra_box.jpg,균열과 하단 박리 파손이 있으나 박스 수동 조정 필요,yes; create/edit YOLO label manually before training,2,images/wsv3_img_0055_380172dcd9.jpg,labels_initial/wsv3_img_0055_380172dcd9.txt,labels_final/wsv3_img_0055_380172dcd9.txt,overlays/044_v3-review-170_false_positive_extra_box.jpg,crops/044_v3-review-170_false_positive_extra_box.jpg,1152,2048
v3-review-173,47,false_positive_extra_box,0.446581,,"0.577142,0.345455,0.118396,0.055530:0.446581",/home/ddobagi/Code/hanium-dreamup/datasets/walksafe_kr_v2/images/test/aihub513_tactile_2_09_1_1_3_2_20211111_0000934333.jpg,datasets/walksafe_kr_v3_privacy_sanitized_20260520/images/wsv3_img_0058_8f3941787b.jpg,/home/ddobagi/Code/hanium-dreamup/datasets/walksafe_kr_v2/labels/test/aihub513_tactile_2_09_1_1_3_2_20211111_0000934333.txt,datasets/walksafe_kr_v3_manual_review_20260520/images/overlays/047_v3-review-173_false_positive_extra_box.jpg,datasets/walksafe_kr_v3_manual_review_20260520/images/crops/047_v3-review-173_false_positive_extra_box.jpg,균열 파손이 있으나 기존 초록 박스가 전체 범위를 충분히 포함하지 않음,yes; create/edit YOLO label manually before training,4,images/wsv3_img_0058_8f3941787b.jpg,labels_initial/wsv3_img_0058_8f3941787b.txt,labels_final/wsv3_img_0058_8f3941787b.txt,overlays/047_v3-review-173_false_positive_extra_box.jpg,crops/047_v3-review-173_false_positive_extra_box.jpg,1152,2048
v3-review-174,48,false_positive_extra_box,0.306568,,"0.586237,0.593354,0.181328,0.167445:0.306568",/home/ddobagi/Code/hanium-dreamup/datasets/walksafe_kr_v2/images/test/aihub513_tactile_2_09_1_1_3_2_20211111_0000934333.jpg,datasets/walksafe_kr_v3_privacy_sanitized_20260520/images/wsv3_img_0058_8f3941787b.jpg,/home/ddobagi/Code/hanium-dreamup/datasets/walksafe_kr_v2/labels/test/aihub513_tactile_2_09_1_1_3_2_20211111_0000934333.txt,datasets/walksafe_kr_v3_manual_review_20260520/images/overlays/048_v3-review-174_false_positive_extra_box.jpg,datasets/walksafe_kr_v3_manual_review_20260520/images/crops/048_v3-review-174_false_positive_extra_box.jpg,여러 균열이 있으나 기존 박스가 일부만 포함하여 재라벨 필요,yes; create/edit YOLO label manually before training,4,images/wsv3_img_0058_8f3941787b.jpg,labels_initial/wsv3_img_0058_8f3941787b.txt,labels_final/wsv3_img_0058_8f3941787b.txt,overlays/048_v3-review-174_false_positive_extra_box.jpg,crops/048_v3-review-174_false_positive_extra_box.jpg,1152,2048
v3-review-176,50,false_positive_extra_box,0.348320,,"0.483141,0.583711,0.296221,0.030231:0.348320",/home/ddobagi/Code/hanium-dreamup/datasets/walksafe_kr_v2/images/test/aihub513_tactile_2_09_1_1_4_1_20211102_0000833270.jpg,datasets/walksafe_kr_v3_privacy_sanitized_20260520/images/wsv3_img_0060_73905c568c.jpg,/home/ddobagi/Code/hanium-dreamup/datasets/walksafe_kr_v2/labels/test/aihub513_tactile_2_09_1_1_4_1_20211102_0000833270.txt,datasets/walksafe_kr_v3_manual_review_20260520/images/overlays/050_v3-review-176_false_positive_extra_box.jpg,datasets/walksafe_kr_v3_manual_review_20260520/images/crops/050_v3-review-176_false_positive_extra_box.jpg,이음부 박리/파손이 명확하나 수동 박스 필요,yes; create/edit YOLO label manually before training,4,images/wsv3_img_0060_73905c568c.jpg,labels_initial/wsv3_img_0060_73905c568c.txt,labels_final/wsv3_img_0060_73905c568c.txt,overlays/050_v3-review-176_false_positive_extra_box.jpg,crops/050_v3-review-176_false_positive_extra_box.jpg,1152,2048
v3-review-177,51,false_positive_extra_box,0.360543,,"0.480110,0.684471,0.142501,0.018589:0.360543",/home/ddobagi/Code/hanium-dreamup/datasets/walksafe_kr_v2/images/test/aihub513_tactile_2_09_1_1_4_2_20211101_0000834971.jpg,datasets/walksafe_kr_v3_privacy_sanitized_20260520/images/wsv3_img_0061_e52d45e7cf.jpg,/home/ddobagi/Code/hanium-dreamup/datasets/walksafe_kr_v2/labels/test/aihub513_tactile_2_09_1_1_4_2_20211101_0000834971.txt,datasets/walksafe_kr_v3_manual_review_20260520/images/overlays/051_v3-review-177_false_positive_extra_box.jpg,datasets/walksafe_kr_v3_manual_review_20260520/images/crops/051_v3-review-177_false_positive_extra_box.jpg,이음부 표면 박리/파손이 있어 박스 재라벨 필요,yes; create/edit YOLO label manually before training,2,images/wsv3_img_0061_e52d45e7cf.jpg,labels_initial/wsv3_img_0061_e52d45e7cf.txt,labels_final/wsv3_img_0061_e52d45e7cf.txt,overlays/051_v3-review-177_false_positive_extra_box.jpg,crops/051_v3-review-177_false_positive_extra_box.jpg,1152,2048
v3-review-179,53,false_positive_extra_box,0.307939,,"0.512919,0.391843,0.140236,0.027344:0.307939",/home/ddobagi/Code/hanium-dreamup/datasets/walksafe_kr_v2/images/test/aihub513_tactile_2_09_1_1_4_2_20211101_0000834971.jpg,datasets/walksafe_kr_v3_privacy_sanitized_20260520/images/wsv3_img_0061_e52d45e7cf.jpg,/home/ddobagi/Code/hanium-dreamup/datasets/walksafe_kr_v2/labels/test/aihub513_tactile_2_09_1_1_4_2_20211101_0000834971.txt,datasets/walksafe_kr_v3_manual_review_20260520/images/overlays/053_v3-review-179_false_positive_extra_box.jpg,datasets/walksafe_kr_v3_manual_review_20260520/images/crops/053_v3-review-179_false_positive_extra_box.jpg,이음부 균열과 박리 파손이 명확하나 박스 수동 조정 필요,yes; create/edit YOLO label manually before training,2,images/wsv3_img_0061_e52d45e7cf.jpg,labels_initial/wsv3_img_0061_e52d45e7cf.txt,labels_final/wsv3_img_0061_e52d45e7cf.txt,overlays/053_v3-review-179_false_positive_extra_box.jpg,crops/053_v3-review-179_false_positive_extra_box.jpg,1152,2048
v3-review-181,55,false_positive_extra_box,0.467696,,"0.571758,0.308267,0.095538,0.038588:0.467696",/home/ddobagi/Code/hanium-dreamup/datasets/walksafe_kr_v2/images/test/aihub513_tactile_2_09_1_1_4_2_20211102_0000833026.jpg,datasets/walksafe_kr_v3_privacy_sanitized_20260520/images/wsv3_img_0062_ce86c9dd8d.jpg,/home/ddobagi/Code/hanium-dreamup/datasets/walksafe_kr_v2/labels/test/aihub513_tactile_2_09_1_1_4_2_20211102_0000833026.txt,datasets/walksafe_kr_v3_manual_review_20260520/images/overlays/055_v3-review-181_false_positive_extra_box.jpg,datasets/walksafe_kr_v3_manual_review_20260520/images/crops/055_v3-review-181_false_positive_extra_box.jpg,이음부 박리/침식 파손이 명확하나 수동 박스 필요,yes; create/edit YOLO label manually before training,2,images/wsv3_img_0062_ce86c9dd8d.jpg,labels_initial/wsv3_img_0062_ce86c9dd8d.txt,labels_final/wsv3_img_0062_ce86c9dd8d.txt,overlays/055_v3-review-181_false_positive_extra_box.jpg,crops/055_v3-review-181_false_positive_extra_box.jpg,1152,2048
v3-review-182,56,false_positive_extra_box,0.373262,,"0.418764,0.282236,0.101224,0.023099:0.373262",/home/ddobagi/Code/hanium-dreamup/datasets/walksafe_kr_v2/images/test/aihub513_tactile_2_09_1_1_5_1_20210924_0000542833.jpg,datasets/walksafe_kr_v3_privacy_sanitized_20260520/images/wsv3_img_0063_7eeeecede1.jpg,/home/ddobagi/Code/hanium-dreamup/datasets/walksafe_kr_v2/labels/test/aihub513_tactile_2_09_1_1_5_1_20210924_0000542833.txt,datasets/walksafe_kr_v3_manual_review_20260520/images/overlays/056_v3-review-182_false_positive_extra_box.jpg,datasets/walksafe_kr_v3_manual_review_20260520/images/crops/056_v3-review-182_false_positive_extra_box.jpg,이음부 노출/박리 파손이 명확하나 수동 박스 필요,yes; create/edit YOLO label manually before training,2,images/wsv3_img_0063_7eeeecede1.jpg,labels_initial/wsv3_img_0063_7eeeecede1.txt,labels_final/wsv3_img_0063_7eeeecede1.txt,overlays/056_v3-review-182_false_positive_extra_box.jpg,crops/056_v3-review-182_false_positive_extra_box.jpg,1153,2048
v3-review-192,66,missed_defect,0.495869,"0.383554,0.558000,0.114575,0.280571","0.380163,0.551970,0.088685,0.035364:0.495869",/home/ddobagi/Code/hanium-dreamup/datasets/walksafe_kr_v2/images/test/aihub513_tactile_2_09_1_1_6_1_20210909_0000493313.jpg,datasets/walksafe_kr_v3_privacy_sanitized_20260520/images/wsv3_img_0072_ec4bef20df.jpg,/home/ddobagi/Code/hanium-dreamup/datasets/walksafe_kr_v2/labels/test/aihub513_tactile_2_09_1_1_6_1_20210909_0000493313.txt,datasets/walksafe_kr_v3_manual_review_20260520/images/overlays/066_v3-review-192_missed_defect.jpg,datasets/walksafe_kr_v3_manual_review_20260520/images/crops/066_v3-review-192_missed_defect.jpg,대면적 박리/노출 파손이 명확하나 빨간 박스 기준이라 수동 라벨 필요,yes; create/edit YOLO label manually before training,4,images/wsv3_img_0072_ec4bef20df.jpg,labels_initial/wsv3_img_0072_ec4bef20df.txt,labels_final/wsv3_img_0072_ec4bef20df.txt,overlays/066_v3-review-192_missed_defect.jpg,crops/066_v3-review-192_missed_defect.jpg,1152,2048
v3-review-193,67,false_positive_extra_box,0.537201,,"0.594027,0.365981,0.056130,0.054140:0.537201",/home/ddobagi/Code/hanium-dreamup/datasets/walksafe_kr_v2/images/test/aihub513_tactile_2_09_1_1_6_1_20210909_0000493313.jpg,datasets/walksafe_kr_v3_privacy_sanitized_20260520/images/wsv3_img_0072_ec4bef20df.jpg,/home/ddobagi/Code/hanium-dreamup/datasets/walksafe_kr_v2/labels/test/aihub513_tactile_2_09_1_1_6_1_20210909_0000493313.txt,datasets/walksafe_kr_v3_manual_review_20260520/images/overlays/067_v3-review-193_false_positive_extra_box.jpg,datasets/walksafe_kr_v3_manual_review_20260520/images/crops/067_v3-review-193_false_positive_extra_box.jpg,측면 박리 파손이 명확하지만 기존 초록 박스가 파손 범위를 충분히 포함하지 못함,yes; create/edit YOLO label manually before training,4,images/wsv3_img_0072_ec4bef20df.jpg,labels_initial/wsv3_img_0072_ec4bef20df.txt,labels_final/wsv3_img_0072_ec4bef20df.txt,overlays/067_v3-review-193_false_positive_extra_box.jpg,crops/067_v3-review-193_false_positive_extra_box.jpg,1152,2048
v3-review-194,68,false_positive_extra_box,0.495869,,"0.380163,0.551970,0.088685,0.035364:0.495869",/home/ddobagi/Code/hanium-dreamup/datasets/walksafe_kr_v2/images/test/aihub513_tactile_2_09_1_1_6_1_20210909_0000493313.jpg,datasets/walksafe_kr_v3_privacy_sanitized_20260520/images/wsv3_img_0072_ec4bef20df.jpg,/home/ddobagi/Code/hanium-dreamup/datasets/walksafe_kr_v2/labels/test/aihub513_tactile_2_09_1_1_6_1_20210909_0000493313.txt,datasets/walksafe_kr_v3_manual_review_20260520/images/overlays/068_v3-review-194_false_positive_extra_box.jpg,datasets/walksafe_kr_v3_manual_review_20260520/images/crops/068_v3-review-194_false_positive_extra_box.jpg,대면적 박리/노출 파손이 기존 박스에 충분히 포함되지 않음,yes; create/edit YOLO label manually before training,4,images/wsv3_img_0072_ec4bef20df.jpg,labels_initial/wsv3_img_0072_ec4bef20df.txt,labels_final/wsv3_img_0072_ec4bef20df.txt,overlays/068_v3-review-194_false_positive_extra_box.jpg,crops/068_v3-review-194_false_positive_extra_box.jpg,1152,2048
v3-review-195,69,false_positive_extra_box,0.345139,,"0.355396,0.455806,0.030313,0.073547:0.345139",/home/ddobagi/Code/hanium-dreamup/datasets/walksafe_kr_v2/images/test/aihub513_tactile_2_09_1_1_6_1_20210909_0000493313.jpg,datasets/walksafe_kr_v3_privacy_sanitized_20260520/images/wsv3_img_0072_ec4bef20df.jpg,/home/ddobagi/Code/hanium-dreamup/datasets/walksafe_kr_v2/labels/test/aihub513_tactile_2_09_1_1_6_1_20210909_0000493313.txt,datasets/walksafe_kr_v3_manual_review_20260520/images/overlays/069_v3-review-195_false_positive_extra_box.jpg,datasets/walksafe_kr_v3_manual_review_20260520/images/crops/069_v3-review-195_false_positive_extra_box.jpg,측면 박리 파손이 명확하지만 기존 초록 박스가 너무 넓고 위치가 부정확하여 재라벨 필요,yes; create/edit YOLO label manually before training,4,images/wsv3_img_0072_ec4bef20df.jpg,labels_initial/wsv3_img_0072_ec4bef20df.txt,labels_final/wsv3_img_0072_ec4bef20df.txt,overlays/069_v3-review-195_false_positive_extra_box.jpg,crops/069_v3-review-195_false_positive_extra_box.jpg,1152,2048
v3-review-196,70,false_positive_extra_box,0.391460,,"0.552626,0.583420,0.046574,0.163416:0.391460",/home/ddobagi/Code/hanium-dreamup/datasets/walksafe_kr_v2/images/test/aihub513_tactile_2_09_1_1_6_2_20210909_0000493189.jpg,datasets/walksafe_kr_v3_privacy_sanitized_20260520/images/wsv3_img_0073_ff46815768.jpg,/home/ddobagi/Code/hanium-dreamup/datasets/walksafe_kr_v2/labels/test/aihub513_tactile_2_09_1_1_6_2_20210909_0000493189.txt,datasets/walksafe_kr_v3_manual_review_20260520/images/overlays/070_v3-review-196_false_positive_extra_box.jpg,datasets/walksafe_kr_v3_manual_review_20260520/images/crops/070_v3-review-196_false_positive_extra_box.jpg,긴 균열 파손이 있으나 기존 박스와 범위가 맞지 않아 재라벨 필요,yes; create/edit YOLO label manually before training,4,images/wsv3_img_0073_ff46815768.jpg,labels_initial/wsv3_img_0073_ff46815768.txt,labels_final/wsv3_img_0073_ff46815768.txt,overlays/070_v3-review-196_false_positive_extra_box.jpg,crops/070_v3-review-196_false_positive_extra_box.jpg,1152,2048
