review_id,review_order,final_reviewer_decision,reviewer_confidence,reviewer_reason,bbox_review_status,manual_damage_area_boxes_xywhn,bbox_review_notes,source_split,image_path,label_path,contact_sheet_full,contact_sheet_crop,contact_sheet_number,row_in_sheet,sheet_review_order_range,issue_type,suggested_review_focus,bbox_format,gt_damage_area_count,pred_damage_area_count,tp_damage_area_count,fn_damage_area_count,fp_damage_area_count,gt_damage_area_boxes,pred_damage_area_boxes,fn_damage_area_boxes,fp_damage_area_boxes
tactile3-da-final-001,1,fix_tactile_damage_area_bbox,medium,GT boxes cover real damage but are too broad and miss tight chips manual_bbox_required,done,"2:0.494313,0.250089,0.102046,0.016155;2:0.550241,0.338222,0.031385,0.009201;2:0.451108,0.444572,0.121947,0.020312;2:0.466666,0.598991,0.238648,0.025466;2:0.463828,0.639033,0.233393,0.019164;2:0.345481,0.685371,0.048138,0.033032",replacement tight seam/chip boxes selected from contact sheets and reference boxes; original image unavailable in checkout,val,datasets/walksafe_kr_tactile_3class_20260521/images/val/aihub513_tactile_2_09_1_1_1_1_20210726_0000026396.jpg,datasets/walksafe_kr_tactile_3class_20260521/labels/val/aihub513_tactile_2_09_1_1_1_1_20210726_0000026396.txt,ai_tasks/walksafe_tactile_damage_area_review_20260522/contact_sheets/full/damage_area_final_review_sheet_01.jpg,ai_tasks/walksafe_tactile_damage_area_review_20260522/contact_sheets/crops/damage_area_final_crop_sheet_01.jpg,1,1,1-8,mixed_fn_fp_damage_area,GT/prediction mismatch. Check whether yellow GT boxes are accurate or need bbox cleanup.,"class_id:x_center,y_center,width,height; use class_id 2 for tactile_damage_area; normalized YOLO coords",3,12,0,3,12,"2:0.454703,0.645746,0.268391,0.114157;2:0.492707,0.276281,0.138551,0.063789;2:0.501709,0.118327,0.089968,0.033413","2:0.345481,0.685371,0.048138,0.033032:0.3557;2:0.463828,0.639033,0.233393,0.019164:0.3301;2:0.466666,0.598991,0.238648,0.025466:0.2263;2:0.391839,0.601225,0.083325,0.016236:0.2125;2:0.451334,0.445570,0.105648,0.014454:0.1848;2:0.451108,0.444572,0.121947,0.020312:0.1757;2:0.546184,0.597602,0.079343,0.016268:0.1595;2:0.494313,0.250089,0.102046,0.016155:0.1209;2:0.466042,0.600339,0.237272,0.024488:0.1122;2:0.344940,0.684083,0.057657,0.039981:0.0867;2:0.453344,0.443382,0.114909,0.018870:0.0682;2:0.550241,0.338222,0.031385,0.009201:0.0571","2:0.454703,0.645746,0.268391,0.114157;2:0.492707,0.276281,0.138551,0.063789;2:0.501709,0.118327,0.089968,0.033413","2:0.345481,0.685371,0.048138,0.033032:0.3557;2:0.463828,0.639033,0.233393,0.019164:0.3301;2:0.466666,0.598991,0.238648,0.025466:0.2263;2:0.391839,0.601225,0.083325,0.016236:0.2125;2:0.451334,0.445570,0.105648,0.014454:0.1848;2:0.451108,0.444572,0.121947,0.020312:0.1757;2:0.546184,0.597602,0.079343,0.016268:0.1595;2:0.494313,0.250089,0.102046,0.016155:0.1209;2:0.466042,0.600339,0.237272,0.024488:0.1122;2:0.344940,0.684083,0.057657,0.039981:0.0867;2:0.453344,0.443382,0.114909,0.018870:0.0682;2:0.550241,0.338222,0.031385,0.009201:0.0571"
tactile3-da-final-002,2,add_missing_tactile_damage_area,high,clear exposed concrete damage extends beyond current GT manual_bbox_required,done,"2:0.570056,0.224512,0.076672,0.038234;2:0.547255,0.449345,0.109974,0.049417;2:0.487965,0.495966,0.035627,0.029955;2:0.547631,0.725064,0.103042,0.048828;2:0.575457,0.864889,0.055631,0.054250",missing exposed patches selected from visual review; existing GT boxes not repeated,val,datasets/walksafe_kr_tactile_3class_20260521/images/val/aihub513_tactile_2_09_1_1_1_1_20210806_0000118892.jpg,datasets/walksafe_kr_tactile_3class_20260521/labels/val/aihub513_tactile_2_09_1_1_1_1_20210806_0000118892.txt,ai_tasks/walksafe_tactile_damage_area_review_20260522/contact_sheets/full/damage_area_final_review_sheet_01.jpg,ai_tasks/walksafe_tactile_damage_area_review_20260522/contact_sheets/crops/damage_area_final_crop_sheet_01.jpg,1,2,1-8,mixed_fn_fp_damage_area,GT/prediction mismatch. Check whether yellow GT boxes are accurate or need bbox cleanup.,"class_id:x_center,y_center,width,height; use class_id 2 for tactile_damage_area; normalized YOLO coords",3,14,1,2,13,"2:0.457223,0.948571,0.121673,0.100000;2:0.685359,0.827143,0.111533,0.140000;2:0.610581,0.935000,0.124207,0.064286","2:0.536417,0.951813,0.286813,0.096373:0.6579;2:0.688381,0.827678,0.111595,0.131896:0.6115;2:0.547255,0.449345,0.109974,0.049417:0.4864;2:0.547631,0.725064,0.103042,0.048828:0.3190;2:0.487965,0.495966,0.035627,0.029955:0.2858;2:0.570056,0.224512,0.076672,0.038234:0.1523;2:0.551747,0.231018,0.030223,0.020396:0.1487;2:0.582884,0.935774,0.057599,0.050530:0.1059;2:0.552626,0.449039,0.062429,0.046956:0.0991;2:0.563310,0.725143,0.138297,0.049680:0.0931;2:0.490557,0.495587,0.048419,0.039710:0.0802;2:0.575457,0.864889,0.055631,0.054250:0.0761;2:0.565530,0.725419,0.145323,0.051659:0.0749;2:0.622506,0.828572,0.253029,0.137349:0.0704","2:0.457223,0.948571,0.121673,0.100000;2:0.610581,0.935000,0.124207,0.064286","2:0.536417,0.951813,0.286813,0.096373:0.6579;2:0.547255,0.449345,0.109974,0.049417:0.4864;2:0.547631,0.725064,0.103042,0.048828:0.3190;2:0.487965,0.495966,0.035627,0.029955:0.2858;2:0.570056,0.224512,0.076672,0.038234:0.1523;2:0.551747,0.231018,0.030223,0.020396:0.1487;2:0.582884,0.935774,0.057599,0.050530:0.1059;2:0.552626,0.449039,0.062429,0.046956:0.0991;2:0.563310,0.725143,0.138297,0.049680:0.0931;2:0.490557,0.495587,0.048419,0.039710:0.0802;2:0.575457,0.864889,0.055631,0.054250:0.0761;2:0.565530,0.725419,0.145323,0.051659:0.0749;2:0.622506,0.828572,0.253029,0.137349:0.0704"
tactile3-da-final-003,3,add_missing_tactile_damage_area,high,multiple seam chips visible outside current GT manual_bbox_required,done,"2:0.407771,0.505009,0.159738,0.046912;2:0.604860,0.630378,0.058898,0.044068",second-pass: narrowed add_missing boxes to left seam/chip and lower chip only; existing GT not repeated,val,datasets/walksafe_kr_tactile_3class_20260521/images/val/aihub513_tactile_2_09_1_1_1_1_20210813_0000205406.jpg,datasets/walksafe_kr_tactile_3class_20260521/labels/val/aihub513_tactile_2_09_1_1_1_1_20210813_0000205406.txt,ai_tasks/walksafe_tactile_damage_area_review_20260522/contact_sheets/full/damage_area_final_review_sheet_01.jpg,ai_tasks/walksafe_tactile_damage_area_review_20260522/contact_sheets/crops/damage_area_final_crop_sheet_01.jpg,1,3,1-8,mixed_fn_fp_damage_area,GT/prediction mismatch. Check whether yellow GT boxes are accurate or need bbox cleanup.,"class_id:x_center,y_center,width,height; use class_id 2 for tactile_damage_area; normalized YOLO coords",3,14,1,2,13,"2:0.542140,0.495714,0.108998,0.022857;2:0.492711,0.365000,0.167300,0.027143;2:0.403991,0.184286,0.065906,0.020000","2:0.502527,0.358264,0.211337,0.028017:0.5488;2:0.451438,0.367474,0.104067,0.009599:0.2190;2:0.415634,0.178799,0.077053,0.014797:0.2161;2:0.473180,0.505009,0.290558,0.046912:0.1676;2:0.471132,0.492724,0.289972,0.024830:0.1447;2:0.539650,0.506179,0.152455,0.041881:0.1436;2:0.604860,0.630378,0.058898,0.044068:0.1101;2:0.541674,0.495528,0.121010,0.018532:0.1008;2:0.608994,0.634611,0.047886,0.034884:0.0992;2:0.537837,0.494747,0.157449,0.022207:0.0779;2:0.390191,0.263947,0.056713,0.007002:0.0571;2:0.547381,0.494819,0.140667,0.021405:0.0546;2:0.609281,0.627202,0.047781,0.027912:0.0533;2:0.417168,0.178937,0.082258,0.019758:0.0507","2:0.492711,0.365000,0.167300,0.027143;2:0.403991,0.184286,0.065906,0.020000","2:0.502527,0.358264,0.211337,0.028017:0.5488;2:0.451438,0.367474,0.104067,0.009599:0.2190;2:0.415634,0.178799,0.077053,0.014797:0.2161;2:0.473180,0.505009,0.290558,0.046912:0.1676;2:0.471132,0.492724,0.289972,0.024830:0.1447;2:0.539650,0.506179,0.152455,0.041881:0.1436;2:0.604860,0.630378,0.058898,0.044068:0.1101;2:0.608994,0.634611,0.047886,0.034884:0.0992;2:0.537837,0.494747,0.157449,0.022207:0.0779;2:0.390191,0.263947,0.056713,0.007002:0.0571;2:0.547381,0.494819,0.140667,0.021405:0.0546;2:0.609281,0.627202,0.047781,0.027912:0.0533;2:0.417168,0.178937,0.082258,0.019758:0.0507"
tactile3-da-final-004,4,fix_tactile_damage_area_bbox,medium,current GT covers broad worn areas and needs tighter damage boxes manual_bbox_required,done,"2:0.385682,0.717768,0.050777,0.048250;2:0.543849,0.312361,0.090426,0.015792;2:0.534500,0.562099,0.028646,0.073202;2:0.595498,0.553636,0.032969,0.091427;2:0.412265,0.583751,0.025092,0.031840;2:0.548898,0.890780,0.042402,0.030888",replacement tight chips selected from contact sheets and prediction references,val,datasets/walksafe_kr_tactile_3class_20260521/images/val/aihub513_tactile_2_09_1_1_1_2_20210729_0000026504.jpg,datasets/walksafe_kr_tactile_3class_20260521/labels/val/aihub513_tactile_2_09_1_1_1_2_20210729_0000026504.txt,ai_tasks/walksafe_tactile_damage_area_review_20260522/contact_sheets/full/damage_area_final_review_sheet_01.jpg,ai_tasks/walksafe_tactile_damage_area_review_20260522/contact_sheets/crops/damage_area_final_crop_sheet_01.jpg,1,4,1-8,mixed_fn_fp_damage_area,GT/prediction mismatch. Check whether yellow GT boxes are accurate or need bbox cleanup.,"class_id:x_center,y_center,width,height; use class_id 2 for tactile_damage_area; normalized YOLO coords",3,11,0,3,11,"2:0.403991,0.706429,0.065906,0.055714;2:0.504117,0.568571,0.215462,0.074286;2:0.473699,0.851429,0.169835,0.131429","2:0.385682,0.717768,0.050777,0.048250:0.5833;2:0.543849,0.312361,0.090426,0.015792:0.3502;2:0.534500,0.562099,0.028646,0.073202:0.2159;2:0.595498,0.553636,0.032969,0.091427:0.2144;2:0.539519,0.313078,0.099655,0.019143:0.1882;2:0.412265,0.583751,0.025092,0.031840:0.1833;2:0.534243,0.562664,0.031516,0.072051:0.1606;2:0.548898,0.890780,0.042402,0.030888:0.0965;2:0.432085,0.300922,0.027184,0.011617:0.0737;2:0.433063,0.299628,0.029597,0.013355:0.0707;2:0.428734,0.354156,0.024514,0.013096:0.0551","2:0.403991,0.706429,0.065906,0.055714;2:0.504117,0.568571,0.215462,0.074286;2:0.473699,0.851429,0.169835,0.131429","2:0.385682,0.717768,0.050777,0.048250:0.5833;2:0.543849,0.312361,0.090426,0.015792:0.3502;2:0.534500,0.562099,0.028646,0.073202:0.2159;2:0.595498,0.553636,0.032969,0.091427:0.2144;2:0.539519,0.313078,0.099655,0.019143:0.1882;2:0.412265,0.583751,0.025092,0.031840:0.1833;2:0.534243,0.562664,0.031516,0.072051:0.1606;2:0.548898,0.890780,0.042402,0.030888:0.0965;2:0.432085,0.300922,0.027184,0.011617:0.0737;2:0.433063,0.299628,0.029597,0.013355:0.0707;2:0.428734,0.354156,0.024514,0.013096:0.0551"
tactile3-da-final-005,5,add_missing_tactile_damage_area,high,multiple edge chips visible beyond current GT manual_bbox_required,done,"2:0.676190,0.481053,0.042254,0.124012;2:0.468267,0.190451,0.061496,0.017874;2:0.624397,0.121502,0.084781,0.030551;2:0.500423,0.411528,0.075114,0.041167;2:0.442832,0.294510,0.034327,0.025182;2:0.391019,0.728048,0.031426,0.039198",second-pass: narrowed fourth add_missing box to right-side extension so existing GT chip is not repeated,val,datasets/walksafe_kr_tactile_3class_20260521/images/val/aihub513_tactile_2_09_1_1_1_2_20210722_0000011874.jpg,datasets/walksafe_kr_tactile_3class_20260521/labels/val/aihub513_tactile_2_09_1_1_1_2_20210722_0000011874.txt,ai_tasks/walksafe_tactile_damage_area_review_20260522/contact_sheets/full/damage_area_final_review_sheet_01.jpg,ai_tasks/walksafe_tactile_damage_area_review_20260522/contact_sheets/crops/damage_area_final_crop_sheet_01.jpg,1,5,1-8,mixed_fn_fp_damage_area,GT/prediction mismatch. Check whether yellow GT boxes are accurate or need bbox cleanup.,"class_id:x_center,y_center,width,height; use class_id 2 for tactile_damage_area; normalized YOLO coords",3,14,1,2,13,"2:0.422058,0.540095,0.044770,0.027351;2:0.438564,0.420967,0.048603,0.023572;2:0.434822,0.326643,0.021311,0.021299","2:0.676190,0.481053,0.042254,0.124012:0.4526;2:0.468267,0.190451,0.061496,0.017874:0.3988;2:0.624397,0.121502,0.084781,0.030551:0.2717;2:0.420464,0.543683,0.048281,0.024069:0.2077;2:0.625320,0.124462,0.079543,0.021694:0.1455;2:0.475698,0.411528,0.124564,0.041167:0.1369;2:0.442832,0.294510,0.034327,0.025182:0.1185;2:0.426383,0.543430,0.062555,0.029083:0.0932;2:0.469517,0.190537,0.065358,0.021904:0.0861;2:0.391019,0.728048,0.031426,0.039198:0.0854;2:0.423627,0.543552,0.054602,0.025014:0.0691;2:0.443891,0.516084,0.033534,0.064859:0.0645;2:0.394264,0.728398,0.043772,0.046027:0.0583;2:0.443473,0.309675,0.039138,0.056349:0.0521","2:0.438564,0.420967,0.048603,0.023572;2:0.434822,0.326643,0.021311,0.021299","2:0.676190,0.481053,0.042254,0.124012:0.4526;2:0.468267,0.190451,0.061496,0.017874:0.3988;2:0.624397,0.121502,0.084781,0.030551:0.2717;2:0.625320,0.124462,0.079543,0.021694:0.1455;2:0.475698,0.411528,0.124564,0.041167:0.1369;2:0.442832,0.294510,0.034327,0.025182:0.1185;2:0.426383,0.543430,0.062555,0.029083:0.0932;2:0.469517,0.190537,0.065358,0.021904:0.0861;2:0.391019,0.728048,0.031426,0.039198:0.0854;2:0.423627,0.543552,0.054602,0.025014:0.0691;2:0.443891,0.516084,0.033534,0.064859:0.0645;2:0.394264,0.728398,0.043772,0.046027:0.0583;2:0.443473,0.309675,0.039138,0.056349:0.0521"
tactile3-da-final-006,6,add_missing_tactile_damage_area,medium,similar worn raised-bar damage repeats outside GT manual_bbox_required,done,"2:0.514112,0.168288,0.069144,0.084547;2:0.430516,0.082848,0.066769,0.081335;2:0.493066,0.493037,0.075569,0.097503;2:0.485642,0.618581,0.075790,0.101590;2:0.411728,0.282356,0.066817,0.073806;2:0.600086,0.619448,0.081199,0.115512",added repeated worn raised-bar damage candidates visible in crop sheet,val,datasets/walksafe_kr_tactile_3class_20260521/images/val/aihub513_tactile_2_09_1_1_1_1_20210728_0000166643.jpg,datasets/walksafe_kr_tactile_3class_20260521/labels/val/aihub513_tactile_2_09_1_1_1_1_20210728_0000166643.txt,ai_tasks/walksafe_tactile_damage_area_review_20260522/contact_sheets/full/damage_area_final_review_sheet_01.jpg,ai_tasks/walksafe_tactile_damage_area_review_20260522/contact_sheets/crops/damage_area_final_crop_sheet_01.jpg,1,6,1-8,mixed_fn_fp_damage_area,GT/prediction mismatch. Check whether yellow GT boxes are accurate or need bbox cleanup.,"class_id:x_center,y_center,width,height; use class_id 2 for tactile_damage_area; normalized YOLO coords",3,11,0,3,11,"2:0.579360,0.492341,0.022551,0.088431;2:0.622700,0.493542,0.022833,0.095919;2:0.345194,0.732928,0.019732,0.054833","2:0.602652,0.493066,0.078118,0.102223:0.3738;2:0.514112,0.168288,0.069144,0.084547:0.3599;2:0.430516,0.082848,0.066769,0.081335:0.2679;2:0.618679,0.061560,0.066210,0.081392:0.1931;2:0.493066,0.493037,0.075569,0.097503:0.1880;2:0.485642,0.618581,0.075790,0.101590:0.1639;2:0.525084,0.010892,0.066071,0.021613:0.1497;2:0.616391,0.161318,0.073977,0.086051:0.1226;2:0.411728,0.282356,0.066817,0.073806:0.1020;2:0.526091,0.010820,0.073832,0.021640:0.0798;2:0.600086,0.619448,0.081199,0.115512:0.0738","2:0.579360,0.492341,0.022551,0.088431;2:0.622700,0.493542,0.022833,0.095919;2:0.345194,0.732928,0.019732,0.054833","2:0.602652,0.493066,0.078118,0.102223:0.3738;2:0.514112,0.168288,0.069144,0.084547:0.3599;2:0.430516,0.082848,0.066769,0.081335:0.2679;2:0.618679,0.061560,0.066210,0.081392:0.1931;2:0.493066,0.493037,0.075569,0.097503:0.1880;2:0.485642,0.618581,0.075790,0.101590:0.1639;2:0.525084,0.010892,0.066071,0.021613:0.1497;2:0.616391,0.161318,0.073977,0.086051:0.1226;2:0.411728,0.282356,0.066817,0.073806:0.1020;2:0.526091,0.010820,0.073832,0.021640:0.0798;2:0.600086,0.619448,0.081199,0.115512:0.0738"
tactile3-da-final-007,7,fix_tactile_damage_area_bbox,medium,current GT includes non-damage around cracks and needs tighter boxes manual_bbox_required,done,"2:0.571557,0.255911,0.073265,0.016024;2:0.603401,0.432049,0.047747,0.033119;2:0.410692,0.444128,0.083903,0.048639;2:0.414413,0.299552,0.033777,0.046019;2:0.602681,0.607163,0.031993,0.044831",third-pass: dropped broad blue paint/stain box and kept localized cracks/chips only,val,datasets/walksafe_kr_tactile_3class_20260521/images/val/aihub513_tactile_2_09_1_1_1_1_20210827_0000390431.jpg,datasets/walksafe_kr_tactile_3class_20260521/labels/val/aihub513_tactile_2_09_1_1_1_1_20210827_0000390431.txt,ai_tasks/walksafe_tactile_damage_area_review_20260522/contact_sheets/full/damage_area_final_review_sheet_01.jpg,ai_tasks/walksafe_tactile_damage_area_review_20260522/contact_sheets/crops/damage_area_final_crop_sheet_01.jpg,1,7,1-8,mixed_fn_fp_damage_area,GT/prediction mismatch. Check whether yellow GT boxes are accurate or need bbox cleanup.,"class_id:x_center,y_center,width,height; use class_id 2 for tactile_damage_area; normalized YOLO coords",3,11,0,3,11,"2:0.534907,0.255077,0.148763,0.015333;2:0.537141,0.307109,0.154124,0.022371;2:0.596887,0.403473,0.055842,0.089548","2:0.603401,0.432049,0.047747,0.033119:0.4474;2:0.410692,0.444128,0.083903,0.048639:0.3751;2:0.544554,0.327884,0.138694,0.069128:0.3160;2:0.571557,0.255911,0.073265,0.016024:0.2499;2:0.544432,0.316919,0.137690,0.048681:0.1568;2:0.412272,0.434324,0.078748,0.027846:0.1490;2:0.412650,0.434205,0.084335,0.031278:0.1306;2:0.414413,0.299552,0.033777,0.046019:0.1300;2:0.570505,0.257161,0.077545,0.021182:0.0966;2:0.602681,0.607163,0.031993,0.044831:0.0749;2:0.385575,0.458716,0.034747,0.019017:0.0651","2:0.534907,0.255077,0.148763,0.015333;2:0.537141,0.307109,0.154124,0.022371;2:0.596887,0.403473,0.055842,0.089548","2:0.603401,0.432049,0.047747,0.033119:0.4474;2:0.410692,0.444128,0.083903,0.048639:0.3751;2:0.544554,0.327884,0.138694,0.069128:0.3160;2:0.571557,0.255911,0.073265,0.016024:0.2499;2:0.544432,0.316919,0.137690,0.048681:0.1568;2:0.412272,0.434324,0.078748,0.027846:0.1490;2:0.412650,0.434205,0.084335,0.031278:0.1306;2:0.414413,0.299552,0.033777,0.046019:0.1300;2:0.570505,0.257161,0.077545,0.021182:0.0966;2:0.602681,0.607163,0.031993,0.044831:0.0749;2:0.385575,0.458716,0.034747,0.019017:0.0651"
tactile3-da-final-009,9,add_missing_tactile_damage_area,medium,additional small chips and gouges outside current GT manual_bbox_required,done,"2:0.525204,0.355949,0.028357,0.018987;2:0.523519,0.333068,0.022479,0.018034;2:0.463994,0.261487,0.018318,0.009818;2:0.433213,0.269588,0.025832,0.018598;2:0.579790,0.293045,0.020266,0.007770;2:0.375054,0.769411,0.017640,0.021417;2:0.656702,0.572446,0.020501,0.027091;2:0.681643,0.769385,0.023816,0.020187",added small chips/gouges visible outside current GT,val,datasets/walksafe_kr_tactile_3class_20260521/images/val/aihub513_tactile_2_09_1_1_4_1_20210917_0000515986.jpg,datasets/walksafe_kr_tactile_3class_20260521/labels/val/aihub513_tactile_2_09_1_1_4_1_20210917_0000515986.txt,ai_tasks/walksafe_tactile_damage_area_review_20260522/contact_sheets/full/damage_area_final_review_sheet_02.jpg,ai_tasks/walksafe_tactile_damage_area_review_20260522/contact_sheets/crops/damage_area_final_crop_sheet_02.jpg,2,1,9-16,mixed_fn_fp_damage_area,GT/prediction mismatch. Check whether yellow GT boxes are accurate or need bbox cleanup.,"class_id:x_center,y_center,width,height; use class_id 2 for tactile_damage_area; normalized YOLO coords",3,13,1,2,12,"2:0.516558,0.429126,0.189378,0.023411;2:0.624413,0.207934,0.007301,0.018242;2:0.629923,0.274552,0.006672,0.011019","2:0.515177,0.428338,0.193685,0.025486:0.7626;2:0.525204,0.355949,0.028357,0.018987:0.5839;2:0.523519,0.333068,0.022479,0.018034:0.5834;2:0.463994,0.261487,0.018318,0.009818:0.4493;2:0.433213,0.269588,0.025832,0.018598:0.4158;2:0.579790,0.293045,0.020266,0.007770:0.1952;2:0.591597,0.301426,0.013064,0.006471:0.1692;2:0.375054,0.769411,0.017640,0.021417:0.1553;2:0.656702,0.572446,0.020501,0.027091:0.0746;2:0.464107,0.150680,0.012641,0.008017:0.0732;2:0.681643,0.769385,0.023816,0.020187:0.0687;2:0.382070,0.768686,0.032798,0.021853:0.0686;2:0.578623,0.292135,0.022086,0.008615:0.0658","2:0.624413,0.207934,0.007301,0.018242;2:0.629923,0.274552,0.006672,0.011019","2:0.525204,0.355949,0.028357,0.018987:0.5839;2:0.523519,0.333068,0.022479,0.018034:0.5834;2:0.463994,0.261487,0.018318,0.009818:0.4493;2:0.433213,0.269588,0.025832,0.018598:0.4158;2:0.579790,0.293045,0.020266,0.007770:0.1952;2:0.591597,0.301426,0.013064,0.006471:0.1692;2:0.375054,0.769411,0.017640,0.021417:0.1553;2:0.656702,0.572446,0.020501,0.027091:0.0746;2:0.464107,0.150680,0.012641,0.008017:0.0732;2:0.681643,0.769385,0.023816,0.020187:0.0687;2:0.382070,0.768686,0.032798,0.021853:0.0686;2:0.578623,0.292135,0.022086,0.008615:0.0658"
tactile3-da-final-010,10,fix_tactile_damage_area_bbox,medium,current GT boxes are over-broad around broken seams manual_bbox_required,done,"2:0.498018,0.037152,0.184098,0.040808;2:0.503077,0.176634,0.210857,0.037410;2:0.506558,0.241593,0.219133,0.039797;2:0.426523,0.140694,0.061650,0.048005","replacement broken seam boxes, tightened from over-broad GT",val,datasets/walksafe_kr_tactile_3class_20260521/images/val/aihub513_tactile_2_09_1_1_2_1_20211011_0000737779.jpg,datasets/walksafe_kr_tactile_3class_20260521/labels/val/aihub513_tactile_2_09_1_1_2_1_20211011_0000737779.txt,ai_tasks/walksafe_tactile_damage_area_review_20260522/contact_sheets/full/damage_area_final_review_sheet_02.jpg,ai_tasks/walksafe_tactile_damage_area_review_20260522/contact_sheets/crops/damage_area_final_crop_sheet_02.jpg,2,2,9-16,mixed_fn_fp_damage_area,GT/prediction mismatch. Check whether yellow GT boxes are accurate or need bbox cleanup.,"class_id:x_center,y_center,width,height; use class_id 2 for tactile_damage_area; normalized YOLO coords",3,10,0,3,10,"2:0.499607,0.054847,0.191433,0.090318;2:0.508099,0.207805,0.224636,0.117830;2:0.537081,0.126986,0.127267,0.057635","2:0.498018,0.037152,0.184098,0.040808:0.5638;2:0.506558,0.241593,0.219133,0.039797:0.2016;2:0.506334,0.246716,0.217074,0.029666:0.1890;2:0.503077,0.176634,0.210857,0.037410:0.1369;2:0.426523,0.140694,0.061650,0.048005:0.0795;2:0.409746,0.535617,0.077627,0.143705:0.0716;2:0.501058,0.149486,0.211990,0.094562:0.0580;2:0.513085,0.541135,0.287943,0.142421:0.0553;2:0.502268,0.176914,0.212548,0.037976:0.0525;2:0.397059,0.534415,0.052076,0.143768:0.0514","2:0.499607,0.054847,0.191433,0.090318;2:0.508099,0.207805,0.224636,0.117830;2:0.537081,0.126986,0.127267,0.057635","2:0.498018,0.037152,0.184098,0.040808:0.5638;2:0.506558,0.241593,0.219133,0.039797:0.2016;2:0.506334,0.246716,0.217074,0.029666:0.1890;2:0.503077,0.176634,0.210857,0.037410:0.1369;2:0.426523,0.140694,0.061650,0.048005:0.0795;2:0.409746,0.535617,0.077627,0.143705:0.0716;2:0.501058,0.149486,0.211990,0.094562:0.0580;2:0.513085,0.541135,0.287943,0.142421:0.0553;2:0.502268,0.176914,0.212548,0.037976:0.0525;2:0.397059,0.534415,0.052076,0.143768:0.0514"
tactile3-da-final-011,11,add_missing_tactile_damage_area,high,clear cracked and spalled areas missing outside GT manual_bbox_required,done,"2:0.275110,0.248114,0.173689,0.030445;2:0.247077,0.451461,0.195171,0.022850;2:0.271431,0.717037,0.242868,0.043165",third-pass: tightened broad bands to exposed spall/crack strips and avoided existing left GT chip,val,datasets/walksafe_kr_tactile_3class_20260521/images/val/aihub513_tactile_2_09_1_1_1_1_20210720_0000010779.jpg,datasets/walksafe_kr_tactile_3class_20260521/labels/val/aihub513_tactile_2_09_1_1_1_1_20210720_0000010779.txt,ai_tasks/walksafe_tactile_damage_area_review_20260522/contact_sheets/full/damage_area_final_review_sheet_02.jpg,ai_tasks/walksafe_tactile_damage_area_review_20260522/contact_sheets/crops/damage_area_final_crop_sheet_02.jpg,2,3,9-16,mixed_fn_fp_damage_area,GT/prediction mismatch. Check whether yellow GT boxes are accurate or need bbox cleanup.,"class_id:x_center,y_center,width,height; use class_id 2 for tactile_damage_area; normalized YOLO coords",3,10,0,3,10,"2:0.125303,0.682617,0.049387,0.045782;2:0.371696,0.570668,0.028076,0.011410;2:0.222966,0.592664,0.124391,0.048300","2:0.275110,0.248114,0.173689,0.030445:0.3640;2:0.256319,0.419049,0.214370,0.086222:0.3072;2:0.247615,0.693081,0.290500,0.066019:0.2800;2:0.248004,0.445867,0.197156,0.033051:0.1544;2:0.188721,0.690983,0.169807,0.063023:0.1497;2:0.247077,0.451461,0.195171,0.022850:0.1463;2:0.219194,0.580427,0.121727,0.022085:0.1358;2:0.339438,0.293452,0.056955,0.018588:0.1261;2:0.304777,0.380634,0.110911,0.011239:0.0932;2:0.249071,0.717037,0.287426,0.043165:0.0569","2:0.125303,0.682617,0.049387,0.045782;2:0.371696,0.570668,0.028076,0.011410;2:0.222966,0.592664,0.124391,0.048300","2:0.275110,0.248114,0.173689,0.030445:0.3640;2:0.256319,0.419049,0.214370,0.086222:0.3072;2:0.247615,0.693081,0.290500,0.066019:0.2800;2:0.248004,0.445867,0.197156,0.033051:0.1544;2:0.188721,0.690983,0.169807,0.063023:0.1497;2:0.247077,0.451461,0.195171,0.022850:0.1463;2:0.219194,0.580427,0.121727,0.022085:0.1358;2:0.339438,0.293452,0.056955,0.018588:0.1261;2:0.304777,0.380634,0.110911,0.011239:0.0932;2:0.249071,0.717037,0.287426,0.043165:0.0569"
tactile3-da-final-012,12,add_missing_tactile_damage_area,high,several edge chips outside current GT manual_bbox_required,done,"2:0.386494,0.093445,0.027684,0.020367;2:0.372029,0.173390,0.019746,0.020589;2:0.364973,0.357767,0.057551,0.026231",added left-edge chips outside current GT,val,datasets/walksafe_kr_tactile_3class_20260521/images/val/aihub513_tactile_2_09_1_1_5_1_20211006_0000600554.jpg,datasets/walksafe_kr_tactile_3class_20260521/labels/val/aihub513_tactile_2_09_1_1_5_1_20211006_0000600554.txt,ai_tasks/walksafe_tactile_damage_area_review_20260522/contact_sheets/full/damage_area_final_review_sheet_02.jpg,ai_tasks/walksafe_tactile_damage_area_review_20260522/contact_sheets/crops/damage_area_final_crop_sheet_02.jpg,2,4,9-16,mixed_fn_fp_damage_area,GT/prediction mismatch. Check whether yellow GT boxes are accurate or need bbox cleanup.,"class_id:x_center,y_center,width,height; use class_id 2 for tactile_damage_area; normalized YOLO coords",3,15,2,1,13,"2:0.689374,0.928129,0.101549,0.068545;2:0.337079,0.664054,0.081239,0.074697;2:0.616238,0.378921,0.060739,0.048580","2:0.323530,0.679878,0.058199,0.039829:0.5238;2:0.618434,0.373643,0.046326,0.034343:0.4043;2:0.701244,0.938561,0.071178,0.047897:0.3748;2:0.386494,0.093445,0.027684,0.020367:0.3495;2:0.364973,0.357767,0.057551,0.026231:0.2916;2:0.330229,0.679383,0.071314,0.043566:0.2614;2:0.365940,0.358083,0.061638,0.030904:0.2135;2:0.594986,0.373466,0.097460,0.040551:0.1752;2:0.706402,0.940288,0.058297,0.042147:0.1746;2:0.372029,0.173390,0.019746,0.020589:0.1635;2:0.615310,0.373423,0.055575,0.037618:0.1001;2:0.598008,0.373141,0.090055,0.038714:0.0922;2:0.388488,0.094016,0.036907,0.025488:0.0654;2:0.374968,0.175229,0.030886,0.030983:0.0527;2:0.333251,0.673176,0.077201,0.056002:0.0505","2:0.689374,0.928129,0.101549,0.068545","2:0.323530,0.679878,0.058199,0.039829:0.5238;2:0.618434,0.373643,0.046326,0.034343:0.4043;2:0.701244,0.938561,0.071178,0.047897:0.3748;2:0.386494,0.093445,0.027684,0.020367:0.3495;2:0.364973,0.357767,0.057551,0.026231:0.2916;2:0.330229,0.679383,0.071314,0.043566:0.2614;2:0.365940,0.358083,0.061638,0.030904:0.2135;2:0.594986,0.373466,0.097460,0.040551:0.1752;2:0.706402,0.940288,0.058297,0.042147:0.1746;2:0.372029,0.173390,0.019746,0.020589:0.1635;2:0.598008,0.373141,0.090055,0.038714:0.0922;2:0.388488,0.094016,0.036907,0.025488:0.0654;2:0.374968,0.175229,0.030886,0.030983:0.0527"
tactile3-da-final-013,13,add_missing_tactile_damage_area,medium,additional worn raised-bar damage areas visible outside GT manual_bbox_required,done,"2:0.557550,0.230152,0.041029,0.013223;2:0.464683,0.230607,0.026547,0.011114;2:0.682272,0.570302,0.038346,0.021767;2:0.483285,0.748583,0.043651,0.147624;2:0.648426,0.807109,0.039243,0.041530",added worn raised-bar damage areas outside current GT,val,datasets/walksafe_kr_tactile_3class_20260521/images/val/aihub513_tactile_2_09_1_1_1_2_20210723_0000063754.jpg,datasets/walksafe_kr_tactile_3class_20260521/labels/val/aihub513_tactile_2_09_1_1_1_2_20210723_0000063754.txt,ai_tasks/walksafe_tactile_damage_area_review_20260522/contact_sheets/full/damage_area_final_review_sheet_02.jpg,ai_tasks/walksafe_tactile_damage_area_review_20260522/contact_sheets/crops/damage_area_final_crop_sheet_02.jpg,2,5,9-16,mixed_fn_fp_damage_area,GT/prediction mismatch. Check whether yellow GT boxes are accurate or need bbox cleanup.,"class_id:x_center,y_center,width,height; use class_id 2 for tactile_damage_area; normalized YOLO coords",3,12,1,2,11,"2:0.473691,0.532101,0.049102,0.116337;2:0.616971,0.615110,0.048663,0.107738;2:0.564305,0.751513,0.048203,0.148336","2:0.682272,0.570302,0.038346,0.021767:0.4143;2:0.475747,0.553696,0.044732,0.066270:0.4109;2:0.557550,0.230152,0.041029,0.013223:0.2368;2:0.464683,0.230607,0.026547,0.011114:0.1979;2:0.468420,0.230353,0.031264,0.011349:0.1449;2:0.474926,0.539649,0.039983,0.038354:0.1133;2:0.564713,0.786929,0.038186,0.072957:0.1099;2:0.483285,0.748583,0.043651,0.147624:0.0901;2:0.475652,0.559850,0.041774,0.051759:0.0733;2:0.674259,0.570552,0.060492,0.030215:0.0627;2:0.648426,0.807109,0.039243,0.041530:0.0541;2:0.606860,0.457544,0.045295,0.011764:0.0539","2:0.616971,0.615110,0.048663,0.107738;2:0.564305,0.751513,0.048203,0.148336","2:0.682272,0.570302,0.038346,0.021767:0.4143;2:0.557550,0.230152,0.041029,0.013223:0.2368;2:0.464683,0.230607,0.026547,0.011114:0.1979;2:0.468420,0.230353,0.031264,0.011349:0.1449;2:0.474926,0.539649,0.039983,0.038354:0.1133;2:0.564713,0.786929,0.038186,0.072957:0.1099;2:0.483285,0.748583,0.043651,0.147624:0.0901;2:0.475652,0.559850,0.041774,0.051759:0.0733;2:0.674259,0.570552,0.060492,0.030215:0.0627;2:0.648426,0.807109,0.039243,0.041530:0.0541;2:0.606860,0.457544,0.045295,0.011764:0.0539"
tactile3-da-final-014,14,add_missing_tactile_damage_area,medium,several small seam chips outside current GT manual_bbox_required,done,"2:0.520978,0.278855,0.108331,0.016834;2:0.537454,0.391085,0.218593,0.020921;2:0.470057,0.180150,0.042783,0.017605;2:0.570046,0.918075,0.071728,0.025050;2:0.569048,0.040120,0.077409,0.009831",added seam chips outside current GT,val,datasets/walksafe_kr_tactile_3class_20260521/images/val/aihub513_tactile_2_09_1_1_1_2_20210915_0000521876.jpg,datasets/walksafe_kr_tactile_3class_20260521/labels/val/aihub513_tactile_2_09_1_1_1_2_20210915_0000521876.txt,ai_tasks/walksafe_tactile_damage_area_review_20260522/contact_sheets/full/damage_area_final_review_sheet_02.jpg,ai_tasks/walksafe_tactile_damage_area_review_20260522/contact_sheets/crops/damage_area_final_crop_sheet_02.jpg,2,6,9-16,mixed_fn_fp_damage_area,GT/prediction mismatch. Check whether yellow GT boxes are accurate or need bbox cleanup.,"class_id:x_center,y_center,width,height; use class_id 2 for tactile_damage_area; normalized YOLO coords",3,12,1,2,11,"2:0.469074,0.700229,0.065727,0.013138;2:0.590018,0.689376,0.093555,0.037926;2:0.644314,0.456332,0.018377,0.029463","2:0.520978,0.278855,0.108331,0.016834:0.3926;2:0.579160,0.695641,0.088646,0.026982:0.2870;2:0.537454,0.391085,0.218593,0.020921:0.2606;2:0.470057,0.180150,0.042783,0.017605:0.2487;2:0.520808,0.278917,0.105275,0.013913:0.2275;2:0.421714,0.701273,0.171480,0.021639:0.1931;2:0.570046,0.918075,0.071728,0.025050:0.0885;2:0.569048,0.040120,0.077409,0.009831:0.0778;2:0.417591,0.695129,0.179771,0.032166:0.0724;2:0.507711,0.529104,0.288435,0.025146:0.0572;2:0.438298,0.702078,0.138069,0.017850:0.0534;2:0.581441,0.688682,0.110501,0.044195:0.0515","2:0.469074,0.700229,0.065727,0.013138;2:0.644314,0.456332,0.018377,0.029463","2:0.520978,0.278855,0.108331,0.016834:0.3926;2:0.579160,0.695641,0.088646,0.026982:0.2870;2:0.537454,0.391085,0.218593,0.020921:0.2606;2:0.470057,0.180150,0.042783,0.017605:0.2487;2:0.520808,0.278917,0.105275,0.013913:0.2275;2:0.421714,0.701273,0.171480,0.021639:0.1931;2:0.570046,0.918075,0.071728,0.025050:0.0885;2:0.569048,0.040120,0.077409,0.009831:0.0778;2:0.417591,0.695129,0.179771,0.032166:0.0724;2:0.507711,0.529104,0.288435,0.025146:0.0572;2:0.438298,0.702078,0.138069,0.017850:0.0534"
tactile3-da-final-015,15,add_missing_tactile_damage_area,high,multiple horizontal seam spalls outside current GT manual_bbox_required,done,"2:0.430500,0.428905,0.107000,0.055686;2:0.564197,0.984696,0.127186,0.030428;2:0.504591,0.146729,0.044031,0.008285",added missing seam spalls; split first box to avoid duplicating existing GT,val,datasets/walksafe_kr_tactile_3class_20260521/images/val/aihub513_tactile_2_09_1_1_1_4_20211027_0000803350.jpg,datasets/walksafe_kr_tactile_3class_20260521/labels/val/aihub513_tactile_2_09_1_1_1_4_20211027_0000803350.txt,ai_tasks/walksafe_tactile_damage_area_review_20260522/contact_sheets/full/damage_area_final_review_sheet_02.jpg,ai_tasks/walksafe_tactile_damage_area_review_20260522/contact_sheets/crops/damage_area_final_crop_sheet_02.jpg,2,7,9-16,mixed_fn_fp_damage_area,GT/prediction mismatch. Check whether yellow GT boxes are accurate or need bbox cleanup.,"class_id:x_center,y_center,width,height; use class_id 2 for tactile_damage_area; normalized YOLO coords",3,12,1,2,11,"2:0.510905,0.740619,0.179931,0.041453;2:0.566162,0.432008,0.164994,0.038546;2:0.588179,0.236101,0.076383,0.063145","2:0.514371,0.428905,0.274378,0.055686:0.5023;2:0.510102,0.741213,0.197130,0.043441:0.4349;2:0.582509,0.211234,0.074891,0.019325:0.2480;2:0.540614,0.440716,0.088923,0.028030:0.1696;2:0.564197,0.984696,0.127186,0.030428:0.1678;2:0.509298,0.741916,0.196404,0.044413:0.1616;2:0.607420,0.414180,0.083066,0.023474:0.1571;2:0.581789,0.210360,0.078629,0.024765:0.1374;2:0.551386,0.750562,0.102569,0.024096:0.1317;2:0.504591,0.146729,0.044031,0.008285:0.0765;2:0.513450,0.446033,0.267977,0.045561:0.0695;2:0.450063,0.729356,0.074941,0.019978:0.0578","2:0.566162,0.432008,0.164994,0.038546;2:0.588179,0.236101,0.076383,0.063145","2:0.514371,0.428905,0.274378,0.055686:0.5023;2:0.582509,0.211234,0.074891,0.019325:0.2480;2:0.540614,0.440716,0.088923,0.028030:0.1696;2:0.564197,0.984696,0.127186,0.030428:0.1678;2:0.509298,0.741916,0.196404,0.044413:0.1616;2:0.607420,0.414180,0.083066,0.023474:0.1571;2:0.581789,0.210360,0.078629,0.024765:0.1374;2:0.551386,0.750562,0.102569,0.024096:0.1317;2:0.504591,0.146729,0.044031,0.008285:0.0765;2:0.513450,0.446033,0.267977,0.045561:0.0695;2:0.450063,0.729356,0.074941,0.019978:0.0578"
tactile3-da-final-016,16,add_missing_tactile_damage_area,high,long broken seam damage is not fully covered by GT manual_bbox_required,done,"2:0.466780,0.528067,0.269859,0.087986;2:0.568756,0.734867,0.050697,0.054091;2:0.582005,0.301368,0.077475,0.020386;2:0.526249,0.204505,0.102990,0.008560",second-pass: trimmed add_missing seam boxes to avoid duplicating existing GT boxes,val,datasets/walksafe_kr_tactile_3class_20260521/images/val/aihub513_tactile_2_09_1_1_1_1_20210813_0000205423.jpg,datasets/walksafe_kr_tactile_3class_20260521/labels/val/aihub513_tactile_2_09_1_1_1_1_20210813_0000205423.txt,ai_tasks/walksafe_tactile_damage_area_review_20260522/contact_sheets/full/damage_area_final_review_sheet_02.jpg,ai_tasks/walksafe_tactile_damage_area_review_20260522/contact_sheets/crops/damage_area_final_crop_sheet_02.jpg,2,8,9-16,mixed_fn_fp_damage_area,GT/prediction mismatch. Check whether yellow GT boxes are accurate or need bbox cleanup.,"class_id:x_center,y_center,width,height; use class_id 2 for tactile_damage_area; normalized YOLO coords",3,12,1,2,11,"2:0.623255,0.519286,0.043092,0.027143;2:0.500315,0.714286,0.086185,0.011429;2:0.634662,0.723571,0.081115,0.032857","2:0.562845,0.734867,0.224833,0.054091:0.5928;2:0.488993,0.528067,0.314286,0.087986:0.5745;2:0.491691,0.520933,0.311200,0.066981:0.4333;2:0.497222,0.717555,0.091225,0.016634:0.1557;2:0.582005,0.301368,0.077475,0.020386:0.1237;2:0.582385,0.297625,0.075744,0.013383:0.1099;2:0.526249,0.204505,0.102990,0.008560:0.0970;2:0.490996,0.522775,0.313427,0.066681:0.0754;2:0.581642,0.303923,0.080513,0.027304:0.0700;2:0.581543,0.298483,0.079762,0.020862:0.0548;2:0.539888,0.205058,0.135378,0.012624:0.0516;2:0.382148,0.295507,0.035658,0.009088:0.0515","2:0.623255,0.519286,0.043092,0.027143;2:0.634662,0.723571,0.081115,0.032857","2:0.562845,0.734867,0.224833,0.054091:0.5928;2:0.488993,0.528067,0.314286,0.087986:0.5745;2:0.491691,0.520933,0.311200,0.066981:0.4333;2:0.582005,0.301368,0.077475,0.020386:0.1237;2:0.582385,0.297625,0.075744,0.013383:0.1099;2:0.526249,0.204505,0.102990,0.008560:0.0970;2:0.490996,0.522775,0.313427,0.066681:0.0754;2:0.581642,0.303923,0.080513,0.027304:0.0700;2:0.581543,0.298483,0.079762,0.020862:0.0548;2:0.539888,0.205058,0.135378,0.012624:0.0516;2:0.382148,0.295507,0.035658,0.009088:0.0515"
tactile3-da-final-018,18,add_missing_tactile_damage_area,high,clear exposed patch and cracks include unlabeled damage manual_bbox_required,done,"2:0.490271,0.120945,0.049365,0.012831;2:0.537232,0.480257,0.037389,0.024391",added distinct missing chips only,val,datasets/walksafe_kr_tactile_3class_20260521/images/val/aihub513_tactile_2_09_1_1_1_2_20210828_0000377368.jpg,datasets/walksafe_kr_tactile_3class_20260521/labels/val/aihub513_tactile_2_09_1_1_1_2_20210828_0000377368.txt,ai_tasks/walksafe_tactile_damage_area_review_20260522/contact_sheets/full/damage_area_final_review_sheet_03.jpg,ai_tasks/walksafe_tactile_damage_area_review_20260522/contact_sheets/crops/damage_area_final_crop_sheet_03.jpg,3,2,17-24,mixed_fn_fp_damage_area,GT/prediction mismatch. Check whether yellow GT boxes are accurate or need bbox cleanup.,"class_id:x_center,y_center,width,height; use class_id 2 for tactile_damage_area; normalized YOLO coords",3,9,0,3,9,"2:0.434334,0.728431,0.263847,0.043502;2:0.508657,0.424937,0.098435,0.051347;2:0.573316,0.461874,0.022471,0.019968","2:0.496565,0.428034,0.043559,0.041018:0.7523;2:0.480350,0.719496,0.073945,0.015192:0.2277;2:0.479185,0.720104,0.089141,0.020720:0.1434;2:0.562890,0.456880,0.045623,0.030368:0.1313;2:0.490271,0.120945,0.049365,0.012831:0.1178;2:0.356052,0.729088,0.110208,0.039720:0.0996;2:0.486258,0.121369,0.063932,0.012768:0.0852;2:0.350858,0.729855,0.100580,0.037783:0.0624;2:0.537232,0.480257,0.037389,0.024391:0.0504","2:0.434334,0.728431,0.263847,0.043502;2:0.508657,0.424937,0.098435,0.051347;2:0.573316,0.461874,0.022471,0.019968","2:0.496565,0.428034,0.043559,0.041018:0.7523;2:0.480350,0.719496,0.073945,0.015192:0.2277;2:0.479185,0.720104,0.089141,0.020720:0.1434;2:0.562890,0.456880,0.045623,0.030368:0.1313;2:0.490271,0.120945,0.049365,0.012831:0.1178;2:0.356052,0.729088,0.110208,0.039720:0.0996;2:0.486258,0.121369,0.063932,0.012768:0.0852;2:0.350858,0.729855,0.100580,0.037783:0.0624;2:0.537232,0.480257,0.037389,0.024391:0.0504"
tactile3-da-final-019,19,fix_tactile_damage_area_bbox,high,current GT covers overly broad block regions instead of tight cracks manual_bbox_required,done,"2:0.490521,0.185525,0.112340,0.012134;2:0.477021,0.289478,0.054591,0.012221;2:0.565864,0.404266,0.060995,0.068686;2:0.510183,0.511314,0.231279,0.018288;2:0.532881,0.860902,0.365986,0.060205",replacement tight cracks; broad GT block regions excluded,val,datasets/walksafe_kr_tactile_3class_20260521/images/val/aihub513_tactile_2_09_1_1_1_2_20210729_0000025588.jpg,datasets/walksafe_kr_tactile_3class_20260521/labels/val/aihub513_tactile_2_09_1_1_1_2_20210729_0000025588.txt,ai_tasks/walksafe_tactile_damage_area_review_20260522/contact_sheets/full/damage_area_final_review_sheet_03.jpg,ai_tasks/walksafe_tactile_damage_area_review_20260522/contact_sheets/crops/damage_area_final_crop_sheet_03.jpg,3,3,17-24,mixed_fn_fp_damage_area,GT/prediction mismatch. Check whether yellow GT boxes are accurate or need bbox cleanup.,"class_id:x_center,y_center,width,height; use class_id 2 for tactile_damage_area; normalized YOLO coords",3,9,0,3,9,"2:0.514257,0.562857,0.256019,0.102857;2:0.547210,0.866429,0.377692,0.210000;2:0.485297,0.198476,0.121673,0.035238","2:0.510183,0.511314,0.231279,0.018288:0.5597;2:0.532881,0.860902,0.365986,0.060205:0.5445;2:0.565864,0.404266,0.060995,0.068686:0.4334;2:0.510630,0.478603,0.230844,0.081426:0.1876;2:0.477021,0.289478,0.054591,0.012221:0.1528;2:0.490521,0.185525,0.112340,0.012134:0.0936;2:0.565978,0.402419,0.055322,0.062682:0.0671;2:0.497217,0.342550,0.030726,0.044680:0.0566;2:0.528581,0.186656,0.038120,0.009221:0.0506","2:0.514257,0.562857,0.256019,0.102857;2:0.547210,0.866429,0.377692,0.210000;2:0.485297,0.198476,0.121673,0.035238","2:0.510183,0.511314,0.231279,0.018288:0.5597;2:0.532881,0.860902,0.365986,0.060205:0.5445;2:0.565864,0.404266,0.060995,0.068686:0.4334;2:0.510630,0.478603,0.230844,0.081426:0.1876;2:0.477021,0.289478,0.054591,0.012221:0.1528;2:0.490521,0.185525,0.112340,0.012134:0.0936;2:0.565978,0.402419,0.055322,0.062682:0.0671;2:0.497217,0.342550,0.030726,0.044680:0.0566;2:0.528581,0.186656,0.038120,0.009221:0.0506"
tactile3-da-final-020,20,fix_tactile_damage_area_bbox,high,current GT surrounds the damage too broadly and should be tightened manual_bbox_required,done,"2:0.437958,0.307929,0.076948,0.105430;2:0.519344,0.340600,0.039325,0.033860;2:0.523571,0.464484,0.047028,0.043782;2:0.591339,0.430312,0.043042,0.040865;2:0.501169,0.664773,0.078834,0.020879",replacement tight exposed areas selected from crop sheet and prediction refs,val,datasets/walksafe_kr_tactile_3class_20260521/images/val/aihub513_tactile_2_09_1_1_1_1_20210806_0000118772.jpg,datasets/walksafe_kr_tactile_3class_20260521/labels/val/aihub513_tactile_2_09_1_1_1_1_20210806_0000118772.txt,ai_tasks/walksafe_tactile_damage_area_review_20260522/contact_sheets/full/damage_area_final_review_sheet_03.jpg,ai_tasks/walksafe_tactile_damage_area_review_20260522/contact_sheets/crops/damage_area_final_crop_sheet_03.jpg,3,4,17-24,mixed_fn_fp_damage_area,GT/prediction mismatch. Check whether yellow GT boxes are accurate or need bbox cleanup.,"class_id:x_center,y_center,width,height; use class_id 2 for tactile_damage_area; normalized YOLO coords",3,9,0,3,9,"2:0.486210,0.306138,0.176321,0.106973;2:0.557403,0.428499,0.194841,0.122662;2:0.501145,0.726901,0.082030,0.146909","2:0.437958,0.307929,0.076948,0.105430:0.8774;2:0.523571,0.464484,0.047028,0.043782:0.6723;2:0.519344,0.340600,0.039325,0.033860:0.5479;2:0.557124,0.447989,0.118680,0.078164:0.3075;2:0.591339,0.430312,0.043042,0.040865:0.2515;2:0.590365,0.445976,0.051605,0.073768:0.1195;2:0.535179,0.340232,0.081620,0.037783:0.0968;2:0.501169,0.664773,0.078834,0.020879:0.0553;2:0.501118,0.667641,0.081208,0.026612:0.0503","2:0.486210,0.306138,0.176321,0.106973;2:0.557403,0.428499,0.194841,0.122662;2:0.501145,0.726901,0.082030,0.146909","2:0.437958,0.307929,0.076948,0.105430:0.8774;2:0.523571,0.464484,0.047028,0.043782:0.6723;2:0.519344,0.340600,0.039325,0.033860:0.5479;2:0.557124,0.447989,0.118680,0.078164:0.3075;2:0.591339,0.430312,0.043042,0.040865:0.2515;2:0.590365,0.445976,0.051605,0.073768:0.1195;2:0.535179,0.340232,0.081620,0.037783:0.0968;2:0.501169,0.664773,0.078834,0.020879:0.0553;2:0.501118,0.667641,0.081208,0.026612:0.0503"
tactile3-da-final-021,21,add_missing_tactile_damage_area,medium,side chip and wider seam damage are partly unlabeled manual_bbox_required,done,"2:0.654788,0.711071,0.036802,0.033404;2:0.399747,0.542497,0.051498,0.030951",added side chips outside current GT,val,datasets/walksafe_kr_tactile_3class_20260521/images/val/aihub513_tactile_2_09_1_1_4_2_20210724_0000028311.jpg,datasets/walksafe_kr_tactile_3class_20260521/labels/val/aihub513_tactile_2_09_1_1_4_2_20210724_0000028311.txt,ai_tasks/walksafe_tactile_damage_area_review_20260522/contact_sheets/full/damage_area_final_review_sheet_03.jpg,ai_tasks/walksafe_tactile_damage_area_review_20260522/contact_sheets/crops/damage_area_final_crop_sheet_03.jpg,3,5,17-24,mixed_fn_fp_damage_area,GT/prediction mismatch. Check whether yellow GT boxes are accurate or need bbox cleanup.,"class_id:x_center,y_center,width,height; use class_id 2 for tactile_damage_area; normalized YOLO coords",3,9,0,3,9,"2:0.513707,0.562067,0.177482,0.025678;2:0.509904,0.418697,0.180017,0.015692;2:0.501030,0.305999,0.182553,0.027105","2:0.451452,0.310290,0.107592,0.020504:0.4906;2:0.495713,0.556669,0.251775,0.059506:0.4648;2:0.496167,0.425590,0.214474,0.018713:0.3329;2:0.513143,0.555807,0.290511,0.063855:0.2494;2:0.449343,0.310133,0.108022,0.017591:0.1562;2:0.654788,0.711071,0.036802,0.033404:0.1216;2:0.399747,0.542497,0.051498,0.030951:0.1189;2:0.516262,0.426644,0.167882,0.013963:0.0750;2:0.504658,0.573371,0.204921,0.028158:0.0625","2:0.513707,0.562067,0.177482,0.025678;2:0.509904,0.418697,0.180017,0.015692;2:0.501030,0.305999,0.182553,0.027105","2:0.451452,0.310290,0.107592,0.020504:0.4906;2:0.495713,0.556669,0.251775,0.059506:0.4648;2:0.496167,0.425590,0.214474,0.018713:0.3329;2:0.513143,0.555807,0.290511,0.063855:0.2494;2:0.449343,0.310133,0.108022,0.017591:0.1562;2:0.654788,0.711071,0.036802,0.033404:0.1216;2:0.399747,0.542497,0.051498,0.030951:0.1189;2:0.516262,0.426644,0.167882,0.013963:0.0750;2:0.504658,0.573371,0.204921,0.028158:0.0625"
tactile3-da-final-022,22,add_missing_tactile_damage_area,high,large broken regions extend beyond current GT manual_bbox_required,done,"2:0.444505,0.133517,0.180006,0.029705;2:0.498785,0.304978,0.442315,0.086088;2:0.395530,0.489527,0.279778,0.099135;2:0.573760,0.646875,0.060000,0.243393",second-pass: removed over-broad intact-tile coverage and narrowed vertical missing crack away from existing lower GT,val,datasets/walksafe_kr_tactile_3class_20260521/images/val/aihub513_tactile_2_09_1_1_1_2_20210724_0000002242.jpg,datasets/walksafe_kr_tactile_3class_20260521/labels/val/aihub513_tactile_2_09_1_1_1_2_20210724_0000002242.txt,ai_tasks/walksafe_tactile_damage_area_review_20260522/contact_sheets/full/damage_area_final_review_sheet_03.jpg,ai_tasks/walksafe_tactile_damage_area_review_20260522/contact_sheets/crops/damage_area_final_crop_sheet_03.jpg,3,6,17-24,mixed_fn_fp_damage_area,GT/prediction mismatch. Check whether yellow GT boxes are accurate or need bbox cleanup.,"class_id:x_center,y_center,width,height; use class_id 2 for tactile_damage_area; normalized YOLO coords",3,9,0,3,9,"2:0.642352,0.547143,0.136882,0.032857;2:0.578032,0.801879,0.083028,0.066616;2:0.261828,0.661906,0.047391,0.069565","2:0.498785,0.304978,0.442315,0.086088:0.3915;2:0.502511,0.400827,0.432241,0.278081:0.3762;2:0.472140,0.059838,0.262001,0.118329:0.2313;2:0.573760,0.684488,0.109734,0.318620:0.1488;2:0.444505,0.133517,0.180006,0.029705:0.0869;2:0.395530,0.489527,0.279778,0.099135:0.0629;2:0.500721,0.122424,0.383375,0.240595:0.0583;2:0.499663,0.072224,0.356323,0.139798:0.0581;2:0.494994,0.056070,0.362841,0.109654:0.0541","2:0.642352,0.547143,0.136882,0.032857;2:0.578032,0.801879,0.083028,0.066616;2:0.261828,0.661906,0.047391,0.069565","2:0.498785,0.304978,0.442315,0.086088:0.3915;2:0.502511,0.400827,0.432241,0.278081:0.3762;2:0.472140,0.059838,0.262001,0.118329:0.2313;2:0.573760,0.684488,0.109734,0.318620:0.1488;2:0.444505,0.133517,0.180006,0.029705:0.0869;2:0.395530,0.489527,0.279778,0.099135:0.0629;2:0.500721,0.122424,0.383375,0.240595:0.0583;2:0.499663,0.072224,0.356323,0.139798:0.0581;2:0.494994,0.056070,0.362841,0.109654:0.0541"
tactile3-da-final-023,23,add_missing_tactile_damage_area,high,visible cracks and spalls outside GT require added labels manual_bbox_required,done,"2:0.460671,0.474454,0.112964,0.130818;2:0.490322,0.742519,0.034170,0.037424;2:0.568500,0.155621,0.024817,0.012696",added visible crack extension/chips outside current GT,val,datasets/walksafe_kr_tactile_3class_20260521/images/val/aihub513_tactile_2_09_1_1_3_2_20211015_0000645600.jpg,datasets/walksafe_kr_tactile_3class_20260521/labels/val/aihub513_tactile_2_09_1_1_3_2_20211015_0000645600.txt,ai_tasks/walksafe_tactile_damage_area_review_20260522/contact_sheets/full/damage_area_final_review_sheet_03.jpg,ai_tasks/walksafe_tactile_damage_area_review_20260522/contact_sheets/crops/damage_area_final_crop_sheet_03.jpg,3,7,17-24,mixed_fn_fp_damage_area,GT/prediction mismatch. Check whether yellow GT boxes are accurate or need bbox cleanup.,"class_id:x_center,y_center,width,height; use class_id 2 for tactile_damage_area; normalized YOLO coords",3,14,2,1,12,"2:0.464067,0.355348,0.091254,0.101587;2:0.506924,0.570820,0.063062,0.059233;2:0.649632,0.860965,0.094278,0.114286","2:0.460671,0.474454,0.112964,0.130818:0.6178;2:0.490322,0.742519,0.034170,0.037424:0.1846;2:0.501221,0.570298,0.024727,0.021603:0.1512;2:0.449495,0.328280,0.025923,0.023379:0.1159;2:0.660410,0.860402,0.065752,0.108668:0.1149;2:0.481727,0.574756,0.019966,0.039980:0.0879;2:0.494336,0.575700,0.043492,0.038402:0.0825;2:0.660875,0.880369,0.063219,0.069658:0.0812;2:0.568500,0.155621,0.024817,0.012696:0.0804;2:0.490995,0.742316,0.044012,0.043711:0.0786;2:0.448311,0.350788,0.049999,0.083262:0.0748;2:0.461628,0.356429,0.078331,0.100009:0.0612;2:0.640264,0.850219,0.026498,0.087303:0.0574;2:0.662680,0.821348,0.068216,0.186283:0.0549","2:0.506924,0.570820,0.063062,0.059233","2:0.460671,0.474454,0.112964,0.130818:0.6178;2:0.490322,0.742519,0.034170,0.037424:0.1846;2:0.501221,0.570298,0.024727,0.021603:0.1512;2:0.449495,0.328280,0.025923,0.023379:0.1159;2:0.481727,0.574756,0.019966,0.039980:0.0879;2:0.494336,0.575700,0.043492,0.038402:0.0825;2:0.660875,0.880369,0.063219,0.069658:0.0812;2:0.568500,0.155621,0.024817,0.012696:0.0804;2:0.490995,0.742316,0.044012,0.043711:0.0786;2:0.448311,0.350788,0.049999,0.083262:0.0748;2:0.640264,0.850219,0.026498,0.087303:0.0574;2:0.662680,0.821348,0.068216,0.186283:0.0549"
tactile3-da-final-024,24,add_missing_tactile_damage_area,medium,several horizontal seam chips outside current GT manual_bbox_required,done,"2:0.525047,0.927607,0.288777,0.045152;2:0.507025,0.734043,0.282549,0.044470;2:0.506290,0.555366,0.256678,0.031692;2:0.490777,0.295951,0.241705,0.030038",added horizontal seam chips outside current GT,val,datasets/walksafe_kr_tactile_3class_20260521/images/val/aihub513_tactile_2_09_1_1_4_1_20211102_0000833284.jpg,datasets/walksafe_kr_tactile_3class_20260521/labels/val/aihub513_tactile_2_09_1_1_4_1_20211102_0000833284.txt,ai_tasks/walksafe_tactile_damage_area_review_20260522/contact_sheets/full/damage_area_final_review_sheet_03.jpg,ai_tasks/walksafe_tactile_damage_area_review_20260522/contact_sheets/crops/damage_area_final_crop_sheet_03.jpg,3,8,17-24,mixed_fn_fp_damage_area,GT/prediction mismatch. Check whether yellow GT boxes are accurate or need bbox cleanup.,"class_id:x_center,y_center,width,height; use class_id 2 for tactile_damage_area; normalized YOLO coords",3,14,2,1,12,"2:0.450947,0.442014,0.194635,0.103857;2:0.486374,0.089893,0.199096,0.040777;2:0.580274,0.187462,0.043332,0.027165","2:0.581450,0.186693,0.046984,0.025153:0.6104;2:0.449285,0.443636,0.191396,0.091680:0.5767;2:0.525047,0.927607,0.288777,0.045152:0.4540;2:0.488801,0.104303,0.205373,0.012029:0.4153;2:0.507025,0.734043,0.282549,0.044470:0.3673;2:0.506290,0.555366,0.256678,0.031692:0.2489;2:0.454768,0.414344,0.180427,0.034533:0.1113;2:0.466357,0.554774,0.165744,0.027157:0.1103;2:0.450283,0.417672,0.189466,0.041208:0.0972;2:0.438885,0.919175,0.090040,0.027712:0.0971;2:0.478163,0.104720,0.197323,0.010398:0.0932;2:0.490777,0.295951,0.241705,0.030038:0.0626;2:0.470787,0.549626,0.160406,0.015805:0.0604;2:0.468090,0.551105,0.152797,0.017785:0.0585","2:0.486374,0.089893,0.199096,0.040777","2:0.525047,0.927607,0.288777,0.045152:0.4540;2:0.488801,0.104303,0.205373,0.012029:0.4153;2:0.507025,0.734043,0.282549,0.044470:0.3673;2:0.506290,0.555366,0.256678,0.031692:0.2489;2:0.454768,0.414344,0.180427,0.034533:0.1113;2:0.466357,0.554774,0.165744,0.027157:0.1103;2:0.450283,0.417672,0.189466,0.041208:0.0972;2:0.438885,0.919175,0.090040,0.027712:0.0971;2:0.478163,0.104720,0.197323,0.010398:0.0932;2:0.490777,0.295951,0.241705,0.030038:0.0626;2:0.470787,0.549626,0.160406,0.015805:0.0604;2:0.468090,0.551105,0.152797,0.017785:0.0585"
tactile3-da-final-030,30,fix_tactile_damage_area_bbox,medium,lower boxed surface loss looks valid but upper marks look false manual_bbox_required,done,"2:0.384814,0.445238,0.179974,0.107619",replacement keeps lower surface-loss box; upper seam/grass-like marks excluded,val,datasets/walksafe_kr_tactile_3class_20260521/images/val/aihub513_tactile_2_09_1_1_1_4_20210811_0000165495.jpg,datasets/walksafe_kr_tactile_3class_20260521/labels/val/aihub513_tactile_2_09_1_1_1_4_20210811_0000165495.txt,ai_tasks/walksafe_tactile_damage_area_review_20260522/contact_sheets/full/damage_area_final_review_sheet_04.jpg,ai_tasks/walksafe_tactile_damage_area_review_20260522/contact_sheets/crops/damage_area_final_crop_sheet_04.jpg,4,6,25-32,damage_block_ok_area_missed,Model found damaged block context but missed damage-area boxes. Verify yellow GT damage-area boxes.,"class_id:x_center,y_center,width,height; use class_id 2 for tactile_damage_area; normalized YOLO coords",3,0,0,3,0,"2:0.384814,0.445238,0.179974,0.107619;2:0.541474,0.092607,0.030725,0.035498;2:0.608787,0.092453,0.028517,0.044940",,"2:0.384814,0.445238,0.179974,0.107619;2:0.541474,0.092607,0.030725,0.035498;2:0.608787,0.092453,0.028517,0.044940",
tactile3-da-final-037,37,fix_tactile_damage_area_bbox,medium,true damaged tile exists but extra GT boxes are broad over seam dirt and edge wear manual_bbox_required,done,"2:0.505574,0.527917,0.403984,0.151704",replacement keeps central cracked tile; upper seam dirt/edge-wear boxes excluded,val,datasets/walksafe_kr_tactile_3class_20260521/images/val/aihub513_tactile_2_09_1_1_1_1_20210722_0000038831.jpg,datasets/walksafe_kr_tactile_3class_20260521/labels/val/aihub513_tactile_2_09_1_1_1_1_20210722_0000038831.txt,ai_tasks/walksafe_tactile_damage_area_review_20260522/contact_sheets/full/damage_area_final_review_sheet_05.jpg,ai_tasks/walksafe_tactile_damage_area_review_20260522/contact_sheets/crops/damage_area_final_crop_sheet_05.jpg,5,5,33-40,damage_block_ok_area_missed,Model found damaged block context but missed damage-area boxes. Verify yellow GT damage-area boxes.,"class_id:x_center,y_center,width,height; use class_id 2 for tactile_damage_area; normalized YOLO coords",3,1,1,2,0,"2:0.499852,0.527714,0.400845,0.160000;2:0.382714,0.143284,0.112243,0.051948;2:0.592120,0.153391,0.239202,0.034694","2:0.505574,0.527917,0.403984,0.151704:0.8177","2:0.382714,0.143284,0.112243,0.051948;2:0.592120,0.153391,0.239202,0.034694",
tactile3-da-final-044,44,fix_tactile_damage_area_bbox,medium,true damage remains but one boxed region appears debris and boxes need manual cleanup manual_bbox_required,done,"2:0.570287,0.410177,0.036227,0.039363;2:0.411967,0.590065,0.021034,0.107143",replacement keeps top chip and long rib-edge damage; small debris-like box excluded,val,datasets/walksafe_kr_tactile_3class_20260521/images/val/aihub513_tactile_2_09_1_1_1_1_20210829_0000404326.jpg,datasets/walksafe_kr_tactile_3class_20260521/labels/val/aihub513_tactile_2_09_1_1_1_1_20210829_0000404326.txt,ai_tasks/walksafe_tactile_damage_area_review_20260522/contact_sheets/full/damage_area_final_review_sheet_06.jpg,ai_tasks/walksafe_tactile_damage_area_review_20260522/contact_sheets/crops/damage_area_final_crop_sheet_06.jpg,6,4,41-48,damage_block_ok_area_missed,Model found damaged block context but missed damage-area boxes. Verify yellow GT damage-area boxes.,"class_id:x_center,y_center,width,height; use class_id 2 for tactile_damage_area; normalized YOLO coords",3,1,1,2,0,"2:0.570612,0.409918,0.051059,0.043469;2:0.613210,0.502154,0.041825,0.024184;2:0.411967,0.590065,0.021034,0.107143","2:0.570287,0.410177,0.036227,0.039363:0.5198","2:0.613210,0.502154,0.041825,0.024184;2:0.411967,0.590065,0.021034,0.107143",
tactile3-da-final-049,49,fix_tactile_damage_area_bbox,medium,manual_bbox_required central crack is valid but top and lower seam boxes look false,done,"2:0.469821,0.372318,0.140553,0.031937",replacement keeps central crack only,val,datasets/walksafe_kr_tactile_3class_20260521/images/val/aihub513_tactile_2_09_1_1_1_1_20211019_0000686166.jpg,datasets/walksafe_kr_tactile_3class_20260521/labels/val/aihub513_tactile_2_09_1_1_1_1_20211019_0000686166.txt,ai_tasks/walksafe_tactile_damage_area_review_20260522/contact_sheets/full/damage_area_final_review_sheet_07.jpg,ai_tasks/walksafe_tactile_damage_area_review_20260522/contact_sheets/crops/damage_area_final_crop_sheet_07.jpg,7,1,49-56,damage_block_ok_area_missed,Model found damaged block context but missed damage-area boxes. Verify yellow GT damage-area boxes.,"class_id:x_center,y_center,width,height; use class_id 2 for tactile_damage_area; normalized YOLO coords",3,1,1,2,0,"2:0.471221,0.370467,0.136146,0.035219;2:0.461859,0.101641,0.097626,0.014479;2:0.540001,0.522321,0.231305,0.026786","2:0.469821,0.372318,0.140553,0.031937:0.6891","2:0.461859,0.101641,0.097626,0.014479;2:0.540001,0.522321,0.231305,0.026786",
tactile3-da-final-051,51,fix_tactile_damage_area_bbox,medium,upper joint crack looks valid but large lower box is overbroad manual_bbox_required,done,"2:0.537266,0.390446,0.226925,0.026376",replacement keeps upper horizontal joint crack; over-broad lower box excluded,val,datasets/walksafe_kr_tactile_3class_20260521/images/val/aihub513_tactile_2_09_1_1_1_1_20211025_0000816728.jpg,datasets/walksafe_kr_tactile_3class_20260521/labels/val/aihub513_tactile_2_09_1_1_1_1_20211025_0000816728.txt,ai_tasks/walksafe_tactile_damage_area_review_20260522/contact_sheets/full/damage_area_final_review_sheet_07.jpg,ai_tasks/walksafe_tactile_damage_area_review_20260522/contact_sheets/crops/damage_area_final_crop_sheet_07.jpg,7,3,49-56,damage_block_ok_area_missed,Model found damaged block context but missed damage-area boxes. Verify yellow GT damage-area boxes.,"class_id:x_center,y_center,width,height; use class_id 2 for tactile_damage_area; normalized YOLO coords",2,0,0,2,0,"2:0.537266,0.390446,0.226925,0.026376;2:0.556999,0.463097,0.205149,0.127905",,"2:0.537266,0.390446,0.226925,0.026376;2:0.556999,0.463097,0.205149,0.127905",
tactile3-da-final-059,59,fix_tactile_damage_area_bbox,medium,manual_bbox_required main damaged joint is plausible but extra small boxes look false,done,"2:0.535298,0.501431,0.275568,0.043016",replacement keeps main damaged joint; small false boxes excluded,val,datasets/walksafe_kr_tactile_3class_20260521/images/val/aihub513_tactile_2_09_1_1_1_2_20211018_0000706941.jpg,datasets/walksafe_kr_tactile_3class_20260521/labels/val/aihub513_tactile_2_09_1_1_1_2_20211018_0000706941.txt,ai_tasks/walksafe_tactile_damage_area_review_20260522/contact_sheets/full/damage_area_final_review_sheet_08.jpg,ai_tasks/walksafe_tactile_damage_area_review_20260522/contact_sheets/crops/damage_area_final_crop_sheet_08.jpg,8,3,57-64,damage_block_ok_area_missed,Model found damaged block context but missed damage-area boxes. Verify yellow GT damage-area boxes.,"class_id:x_center,y_center,width,height; use class_id 2 for tactile_damage_area; normalized YOLO coords",3,1,1,2,0,"2:0.534144,0.502836,0.273053,0.050140;2:0.466587,0.251031,0.094545,0.011818;2:0.540124,0.655646,0.035393,0.023072","2:0.535298,0.501431,0.275568,0.043016:0.8656","2:0.466587,0.251031,0.094545,0.011818;2:0.540124,0.655646,0.035393,0.023072",
tactile3-da-final-074,74,fix_tactile_damage_area_bbox,high,damage exists but GT boxes include too much curb and surrounding context manual_bbox_required,done,"2:0.466000,0.282000,0.265000,0.164000;2:0.516311,0.460857,0.192942,0.051429",replacement tightened upper damaged yellow surface and keeps lower cracked patch,val,datasets/walksafe_kr_tactile_3class_20260521/images/val/aihub513_tactile_2_09_1_1_1_2_20210726_0000015218.jpg,datasets/walksafe_kr_tactile_3class_20260521/labels/val/aihub513_tactile_2_09_1_1_1_2_20210726_0000015218.txt,ai_tasks/walksafe_tactile_damage_area_review_20260522/contact_sheets/full/damage_area_final_review_sheet_10.jpg,ai_tasks/walksafe_tactile_damage_area_review_20260522/contact_sheets/crops/damage_area_final_crop_sheet_10.jpg,10,2,73-80,false_negative_damage_area,Model missed existing damage-area GT. Verify the yellow GT boxes are real damage areas.,"class_id:x_center,y_center,width,height; use class_id 2 for tactile_damage_area; normalized YOLO coords",2,0,0,2,0,"2:0.548045,0.298714,0.429043,0.198571;2:0.516311,0.460857,0.192942,0.051429",,"2:0.548045,0.298714,0.429043,0.198571;2:0.516311,0.460857,0.192942,0.051429",
tactile3-da-final-081,81,fix_tactile_damage_area_bbox,medium,surface damage is visible but main GT box is overly broad manual_bbox_required,done,"2:0.396000,0.574900,0.027000,0.100000;2:0.438000,0.563000,0.045000,0.074000;2:0.381550,0.757185,0.029782,0.047750",replacement splits over-broad upper damage into tighter peel/edge boxes and keeps lower edge chip,val,datasets/walksafe_kr_tactile_3class_20260521/images/val/aihub513_tactile_2_09_1_1_5_1_20210903_0000449681.jpg,datasets/walksafe_kr_tactile_3class_20260521/labels/val/aihub513_tactile_2_09_1_1_5_1_20210903_0000449681.txt,ai_tasks/walksafe_tactile_damage_area_review_20260522/contact_sheets/full/damage_area_final_review_sheet_11.jpg,ai_tasks/walksafe_tactile_damage_area_review_20260522/contact_sheets/crops/damage_area_final_crop_sheet_11.jpg,11,1,81-88,false_negative_damage_area,Model missed existing damage-area GT. Verify the yellow GT boxes are real damage areas.,"class_id:x_center,y_center,width,height; use class_id 2 for tactile_damage_area; normalized YOLO coords",2,0,0,2,0,"2:0.433393,0.574866,0.100377,0.107283;2:0.381550,0.757185,0.029782,0.047750",,"2:0.433393,0.574866,0.100377,0.107283;2:0.381550,0.757185,0.029782,0.047750",
tactile3-da-final-091,91,add_missing_tactile_damage_area,medium,existing edge chip is valid and right side surface peel appears missing manual_bbox_required,done,"2:0.461000,0.150000,0.030000,0.011000",added only missing right-side surface peel; existing edge chip not repeated,val,datasets/walksafe_kr_tactile_3class_20260521/images/val/aihub513_tactile_2_09_1_1_1_1_20211018_0000695222.jpg,datasets/walksafe_kr_tactile_3class_20260521/labels/val/aihub513_tactile_2_09_1_1_1_1_20211018_0000695222.txt,ai_tasks/walksafe_tactile_damage_area_review_20260522/contact_sheets/full/damage_area_final_review_sheet_12.jpg,ai_tasks/walksafe_tactile_damage_area_review_20260522/contact_sheets/crops/damage_area_final_crop_sheet_12.jpg,12,3,89-96,false_negative_damage_area,Model missed existing damage-area GT. Verify the yellow GT boxes are real damage areas.,"class_id:x_center,y_center,width,height; use class_id 2 for tactile_damage_area; normalized YOLO coords",2,1,1,1,0,"2:0.401246,0.173145,0.013782,0.013878;2:0.485317,0.051143,0.032868,0.004969","2:0.484989,0.052310,0.036243,0.005356:0.1234","2:0.401246,0.173145,0.013782,0.013878",
tactile3-da-final-092,92,add_missing_tactile_damage_area,high,boxed peel is valid and smaller lower peel is also missing manual_bbox_required,done,"2:0.637000,0.928000,0.027000,0.010000",added only smaller lower peel; existing large boxed peel not repeated,val,datasets/walksafe_kr_tactile_3class_20260521/images/val/aihub513_tactile_2_09_1_1_1_1_20211023_0000724446.jpg,datasets/walksafe_kr_tactile_3class_20260521/labels/val/aihub513_tactile_2_09_1_1_1_1_20211023_0000724446.txt,ai_tasks/walksafe_tactile_damage_area_review_20260522/contact_sheets/full/damage_area_final_review_sheet_12.jpg,ai_tasks/walksafe_tactile_damage_area_review_20260522/contact_sheets/crops/damage_area_final_crop_sheet_12.jpg,12,4,89-96,false_negative_damage_area,Model missed existing damage-area GT. Verify the yellow GT boxes are real damage areas.,"class_id:x_center,y_center,width,height; use class_id 2 for tactile_damage_area; normalized YOLO coords",1,0,0,1,0,"2:0.635288,0.901389,0.049894,0.042619",,"2:0.635288,0.901389,0.049894,0.042619",
tactile3-da-final-099,99,add_missing_tactile_damage_area,medium,small edge chips on tactile block appear to be true damage manual_bbox_required,done,"2:0.364039,0.184937,0.036910,0.024551;2:0.563251,0.185141,0.032465,0.014756;2:0.588788,0.383163,0.041933,0.026504;2:0.335954,0.512696,0.049753,0.025711;2:0.606093,0.516676,0.050980,0.034480",added five clear edge-chip clusters; overlapping prediction refs deduped,val,datasets/walksafe_kr_tactile_3class_20260521/images/val/aihub513_tactile_2_09_0_1_1_1_20210726_0000075652.jpg,datasets/walksafe_kr_tactile_3class_20260521/labels/val/aihub513_tactile_2_09_0_1_1_1_20210726_0000075652.txt,ai_tasks/walksafe_tactile_damage_area_review_20260522/contact_sheets/full/damage_area_final_review_sheet_13.jpg,ai_tasks/walksafe_tactile_damage_area_review_20260522/contact_sheets/crops/damage_area_final_crop_sheet_13.jpg,13,3,97-104,hard_negative_false_positive_damage_area,No GT damage-area exists but model predicted red boxes. Check if red boxes are false positives or missing labels.,"class_id:x_center,y_center,width,height; use class_id 2 for tactile_damage_area; normalized YOLO coords",0,12,0,0,12,,"2:0.333658,0.512244,0.041567,0.020778:0.3980;2:0.563251,0.185141,0.032465,0.014756:0.2297;2:0.361273,0.182821,0.024979,0.016105:0.1947;2:0.590076,0.378049,0.035920,0.015322:0.1940;2:0.609514,0.515500,0.039504,0.027067:0.1620;2:0.335954,0.512696,0.049753,0.025711:0.1553;2:0.588788,0.383163,0.041933,0.026504:0.1315;2:0.606093,0.516676,0.050980,0.034480:0.0965;2:0.582594,0.379523,0.056498,0.026365:0.0865;2:0.578456,0.385101,0.066080,0.033913:0.0620;2:0.364039,0.184937,0.036910,0.024551:0.0591;2:0.365461,0.182327,0.033797,0.016795:0.0510",,"2:0.333658,0.512244,0.041567,0.020778:0.3980;2:0.563251,0.185141,0.032465,0.014756:0.2297;2:0.361273,0.182821,0.024979,0.016105:0.1947;2:0.590076,0.378049,0.035920,0.015322:0.1940;2:0.609514,0.515500,0.039504,0.027067:0.1620;2:0.335954,0.512696,0.049753,0.025711:0.1553;2:0.588788,0.383163,0.041933,0.026504:0.1315;2:0.606093,0.516676,0.050980,0.034480:0.0965;2:0.582594,0.379523,0.056498,0.026365:0.0865;2:0.578456,0.385101,0.066080,0.033913:0.0620;2:0.364039,0.184937,0.036910,0.024551:0.0591;2:0.365461,0.182327,0.033797,0.016795:0.0510"
tactile3-da-final-101,101,add_missing_tactile_damage_area,medium,joint area shows exposed worn breakage and side damage manual_bbox_required,done,"2:0.342345,0.405151,0.021065,0.022442;2:0.466343,0.458231,0.226186,0.021265;2:0.595427,0.504357,0.036260,0.054966;2:0.335250,0.602730,0.046643,0.014519;2:0.489771,0.600112,0.058085,0.015588",added joint loss plus side/lower chips using tighter boxes over broad overlaps,val,datasets/walksafe_kr_tactile_3class_20260521/images/val/aihub513_tactile_2_09_0_1_5_2_20210813_0000466919.jpg,datasets/walksafe_kr_tactile_3class_20260521/labels/val/aihub513_tactile_2_09_0_1_5_2_20210813_0000466919.txt,ai_tasks/walksafe_tactile_damage_area_review_20260522/contact_sheets/full/damage_area_final_review_sheet_13.jpg,ai_tasks/walksafe_tactile_damage_area_review_20260522/contact_sheets/crops/damage_area_final_crop_sheet_13.jpg,13,5,97-104,hard_negative_false_positive_damage_area,No GT damage-area exists but model predicted red boxes. Check if red boxes are false positives or missing labels.,"class_id:x_center,y_center,width,height; use class_id 2 for tactile_damage_area; normalized YOLO coords",0,9,0,0,9,,"2:0.466343,0.458231,0.226186,0.021265:0.4802;2:0.462945,0.431875,0.265945,0.074643:0.1220;2:0.464474,0.414521,0.263843,0.041788:0.1156;2:0.488904,0.601596,0.051388,0.012723:0.1117;2:0.342345,0.405151,0.021065,0.022442:0.0994;2:0.489771,0.600112,0.058085,0.015588:0.0907;2:0.597183,0.503652,0.030186,0.051146:0.0864;2:0.335250,0.602730,0.046643,0.014519:0.0655;2:0.595427,0.504357,0.036260,0.054966:0.0518",,"2:0.466343,0.458231,0.226186,0.021265:0.4802;2:0.462945,0.431875,0.265945,0.074643:0.1220;2:0.464474,0.414521,0.263843,0.041788:0.1156;2:0.488904,0.601596,0.051388,0.012723:0.1117;2:0.342345,0.405151,0.021065,0.022442:0.0994;2:0.489771,0.600112,0.058085,0.015588:0.0907;2:0.597183,0.503652,0.030186,0.051146:0.0864;2:0.335250,0.602730,0.046643,0.014519:0.0655;2:0.595427,0.504357,0.036260,0.054966:0.0518"
tactile3-da-final-104,104,add_missing_tactile_damage_area,high,gray exposed patches indicate clear surface loss manual_bbox_required,done,"2:0.572046,0.360729,0.043158,0.076726;2:0.504829,0.384164,0.040060,0.026208;2:0.432326,0.393193,0.043162,0.019597;2:0.591883,0.599221,0.056113,0.049975",second-pass: added clear center exposed patch visible in crop sheet,val,datasets/walksafe_kr_tactile_3class_20260521/images/val/aihub513_tactile_2_09_0_1_5_1_20211003_0000608238.jpg,datasets/walksafe_kr_tactile_3class_20260521/labels/val/aihub513_tactile_2_09_0_1_5_1_20211003_0000608238.txt,ai_tasks/walksafe_tactile_damage_area_review_20260522/contact_sheets/full/damage_area_final_review_sheet_13.jpg,ai_tasks/walksafe_tactile_damage_area_review_20260522/contact_sheets/crops/damage_area_final_crop_sheet_13.jpg,13,8,97-104,hard_negative_false_positive_damage_area,No GT damage-area exists but model predicted red boxes. Check if red boxes are false positives or missing labels.,"class_id:x_center,y_center,width,height; use class_id 2 for tactile_damage_area; normalized YOLO coords",0,8,0,0,8,,"2:0.591883,0.599221,0.056113,0.049975:0.3987;2:0.504829,0.384164,0.040060,0.026208:0.2983;2:0.572046,0.360729,0.043158,0.076726:0.2834;2:0.571265,0.360214,0.040019,0.072888:0.1872;2:0.497699,0.362862,0.208441,0.077997:0.1492;2:0.432326,0.393193,0.043162,0.019597:0.1115;2:0.613239,0.600635,0.108593,0.053563:0.0988;2:0.608635,0.600517,0.095331,0.052684:0.0738",,"2:0.591883,0.599221,0.056113,0.049975:0.3987;2:0.504829,0.384164,0.040060,0.026208:0.2983;2:0.572046,0.360729,0.043158,0.076726:0.2834;2:0.571265,0.360214,0.040019,0.072888:0.1872;2:0.497699,0.362862,0.208441,0.077997:0.1492;2:0.432326,0.393193,0.043162,0.019597:0.1115;2:0.613239,0.600635,0.108593,0.053563:0.0988;2:0.608635,0.600517,0.095331,0.052684:0.0738"
tactile3-da-final-107,107,add_missing_tactile_damage_area,high,visible gray surface loss on tactile blocks is clear damage manual_bbox_required,done,"2:0.489592,0.035011,0.074956,0.019400;2:0.538654,0.075846,0.055432,0.021758;2:0.575742,0.314564,0.047194,0.039975;2:0.353161,0.373015,0.021445,0.054670",added clear top/right/left-edge surface loss,val,datasets/walksafe_kr_tactile_3class_20260521/images/val/aihub513_tactile_2_09_0_1_6_1_20210826_0000477580.jpg,datasets/walksafe_kr_tactile_3class_20260521/labels/val/aihub513_tactile_2_09_0_1_6_1_20210826_0000477580.txt,ai_tasks/walksafe_tactile_damage_area_review_20260522/contact_sheets/full/damage_area_final_review_sheet_14.jpg,ai_tasks/walksafe_tactile_damage_area_review_20260522/contact_sheets/crops/damage_area_final_crop_sheet_14.jpg,14,3,105-112,hard_negative_false_positive_damage_area,No GT damage-area exists but model predicted red boxes. Check if red boxes are false positives or missing labels.,"class_id:x_center,y_center,width,height; use class_id 2 for tactile_damage_area; normalized YOLO coords",0,7,0,0,7,,"2:0.489592,0.035011,0.074956,0.019400:0.2596;2:0.353161,0.373015,0.021445,0.054670:0.1936;2:0.579943,0.318231,0.034668,0.028914:0.1008;2:0.538654,0.075846,0.055432,0.021758:0.0972;2:0.489716,0.029612,0.071938,0.009462:0.0894;2:0.575742,0.314564,0.047194,0.039975:0.0710;2:0.508888,0.055349,0.117282,0.061431:0.0613",,"2:0.489592,0.035011,0.074956,0.019400:0.2596;2:0.353161,0.373015,0.021445,0.054670:0.1936;2:0.579943,0.318231,0.034668,0.028914:0.1008;2:0.538654,0.075846,0.055432,0.021758:0.0972;2:0.489716,0.029612,0.071938,0.009462:0.0894;2:0.575742,0.314564,0.047194,0.039975:0.0710;2:0.508888,0.055349,0.117282,0.061431:0.0613"
tactile3-da-final-109,109,add_missing_tactile_damage_area,high,left edge chip and joint breakage are visible manual_bbox_required,done,"2:0.607161,0.347861,0.018060,0.017690;2:0.384988,0.412222,0.038011,0.048040;2:0.502613,0.447141,0.089418,0.023816","added right small chip, left edge chip, and central joint breakage",val,datasets/walksafe_kr_tactile_3class_20260521/images/val/aihub513_tactile_2_09_0_1_5_1_20210928_0000573039.jpg,datasets/walksafe_kr_tactile_3class_20260521/labels/val/aihub513_tactile_2_09_0_1_5_1_20210928_0000573039.txt,ai_tasks/walksafe_tactile_damage_area_review_20260522/contact_sheets/full/damage_area_final_review_sheet_14.jpg,ai_tasks/walksafe_tactile_damage_area_review_20260522/contact_sheets/crops/damage_area_final_crop_sheet_14.jpg,14,5,105-112,hard_negative_false_positive_damage_area,No GT damage-area exists but model predicted red boxes. Check if red boxes are false positives or missing labels.,"class_id:x_center,y_center,width,height; use class_id 2 for tactile_damage_area; normalized YOLO coords",0,7,0,0,7,,"2:0.502613,0.447141,0.089418,0.023816:0.1263;2:0.506589,0.443892,0.069514,0.016466:0.1101;2:0.506726,0.447315,0.077061,0.022561:0.0985;2:0.375594,0.404090,0.019398,0.029632:0.0786;2:0.384988,0.412222,0.038011,0.048040:0.0689;2:0.607161,0.347861,0.018060,0.017690:0.0557;2:0.388169,0.411758,0.045516,0.051492:0.0525",,"2:0.502613,0.447141,0.089418,0.023816:0.1263;2:0.506589,0.443892,0.069514,0.016466:0.1101;2:0.506726,0.447315,0.077061,0.022561:0.0985;2:0.375594,0.404090,0.019398,0.029632:0.0786;2:0.384988,0.412222,0.038011,0.048040:0.0689;2:0.607161,0.347861,0.018060,0.017690:0.0557;2:0.388169,0.411758,0.045516,0.051492:0.0525"
tactile3-da-final-110,110,add_missing_tactile_damage_area,medium,dark peeled spots and joint loss appear to be tactile damage manual_bbox_required,exclude_unclear,,second-pass: dark spots and joint darkening are not safely separable from stains/tar/normal seams without original image,val,datasets/walksafe_kr_tactile_3class_20260521/images/val/aihub513_tactile_2_09_0_1_4_1_20210908_0000461371.jpg,datasets/walksafe_kr_tactile_3class_20260521/labels/val/aihub513_tactile_2_09_0_1_4_1_20210908_0000461371.txt,ai_tasks/walksafe_tactile_damage_area_review_20260522/contact_sheets/full/damage_area_final_review_sheet_14.jpg,ai_tasks/walksafe_tactile_damage_area_review_20260522/contact_sheets/crops/damage_area_final_crop_sheet_14.jpg,14,6,105-112,hard_negative_false_positive_damage_area,No GT damage-area exists but model predicted red boxes. Check if red boxes are false positives or missing labels.,"class_id:x_center,y_center,width,height; use class_id 2 for tactile_damage_area; normalized YOLO coords",0,6,0,0,6,,"2:0.522529,0.170703,0.053433,0.010326:0.7071;2:0.501494,0.373388,0.109981,0.011705:0.5774;2:0.499718,0.374424,0.115855,0.014873:0.3584;2:0.574375,0.175413,0.027208,0.011717:0.1254;2:0.448523,0.236411,0.017940,0.014972:0.0853;2:0.452564,0.203948,0.021144,0.021280:0.0567",,"2:0.522529,0.170703,0.053433,0.010326:0.7071;2:0.501494,0.373388,0.109981,0.011705:0.5774;2:0.499718,0.374424,0.115855,0.014873:0.3584;2:0.574375,0.175413,0.027208,0.011717:0.1254;2:0.448523,0.236411,0.017940,0.014972:0.0853;2:0.452564,0.203948,0.021144,0.021280:0.0567"
tactile3-da-final-114,114,add_missing_tactile_damage_area,high,hole like chips and exposed areas are clear tactile damage manual_bbox_required,done,"2:0.396053,0.421094,0.041715,0.019528;2:0.460372,0.442943,0.050959,0.032650;2:0.392687,0.560101,0.059204,0.021775;2:0.555579,0.702064,0.039461,0.023945",added clear hole-like chips and exposed spots,val,datasets/walksafe_kr_tactile_3class_20260521/images/val/aihub513_tactile_2_09_0_1_5_1_20210926_0000562295.jpg,datasets/walksafe_kr_tactile_3class_20260521/labels/val/aihub513_tactile_2_09_0_1_5_1_20210926_0000562295.txt,ai_tasks/walksafe_tactile_damage_area_review_20260522/contact_sheets/full/damage_area_final_review_sheet_15.jpg,ai_tasks/walksafe_tactile_damage_area_review_20260522/contact_sheets/crops/damage_area_final_crop_sheet_15.jpg,15,2,113-120,hard_negative_false_positive_damage_area,No GT damage-area exists but model predicted red boxes. Check if red boxes are false positives or missing labels.,"class_id:x_center,y_center,width,height; use class_id 2 for tactile_damage_area; normalized YOLO coords",0,6,0,0,6,,"2:0.392687,0.560101,0.059204,0.021775:0.2222;2:0.555579,0.702064,0.039461,0.023945:0.1530;2:0.457728,0.443669,0.035358,0.027358:0.1034;2:0.396053,0.421094,0.041715,0.019528:0.0870;2:0.453876,0.443419,0.028627,0.027000:0.0691;2:0.460372,0.442943,0.050959,0.032650:0.0537",,"2:0.392687,0.560101,0.059204,0.021775:0.2222;2:0.555579,0.702064,0.039461,0.023945:0.1530;2:0.457728,0.443669,0.035358,0.027358:0.1034;2:0.396053,0.421094,0.041715,0.019528:0.0870;2:0.453876,0.443419,0.028627,0.027000:0.0691;2:0.460372,0.442943,0.050959,0.032650:0.0537"
tactile3-da-final-117,117,add_missing_tactile_damage_area,high,large cracks and broken tactile strip areas are obvious manual_bbox_required,done,"2:0.526786,0.223629,0.073269,0.018340;2:0.567120,0.325690,0.178396,0.022884;2:0.564141,0.371634,0.191378,0.039490;2:0.567465,0.452394,0.214212,0.083272",added large cracks and broken strip areas; kept non-overlapping main regions,val,datasets/walksafe_kr_tactile_3class_20260521/images/val/aihub513_tactile_2_09_0_1_1_2_20210727_0000063049.jpg,datasets/walksafe_kr_tactile_3class_20260521/labels/val/aihub513_tactile_2_09_0_1_1_2_20210727_0000063049.txt,ai_tasks/walksafe_tactile_damage_area_review_20260522/contact_sheets/full/damage_area_final_review_sheet_15.jpg,ai_tasks/walksafe_tactile_damage_area_review_20260522/contact_sheets/crops/damage_area_final_crop_sheet_15.jpg,15,5,113-120,hard_negative_false_positive_damage_area,No GT damage-area exists but model predicted red boxes. Check if red boxes are false positives or missing labels.,"class_id:x_center,y_center,width,height; use class_id 2 for tactile_damage_area; normalized YOLO coords",0,5,0,0,5,,"2:0.564141,0.371634,0.191378,0.039490:0.6630;2:0.567465,0.452394,0.214212,0.083272:0.4808;2:0.517780,0.451859,0.114163,0.082435:0.4340;2:0.567120,0.325690,0.178396,0.022884:0.2204;2:0.526786,0.223629,0.073269,0.018340:0.1173",,"2:0.564141,0.371634,0.191378,0.039490:0.6630;2:0.567465,0.452394,0.214212,0.083272:0.4808;2:0.517780,0.451859,0.114163,0.082435:0.4340;2:0.567120,0.325690,0.178396,0.022884:0.2204;2:0.526786,0.223629,0.073269,0.018340:0.1173"
