candidate_id,source_dataset,source_split,source_image,source_label,source_bucket,target_class_id,target_class_name,confidence,gt_box_xywhn,pred_box_xywhn,manual_visual_label,curation_action,privacy_status,split_policy,status,notes
v3-failure-001,walksafe_kr_v2,test_subset,datasets/walksafe_kr_v2/images/test/aihub513_tactile_2_09_0_1_1_2_20210728_0000022477.jpg,datasets/walksafe_kr_v2/labels/test/aihub513_tactile_2_09_0_1_1_2_20210728_0000022477.txt,false_positive_normal_tactile,0,damaged_tactile_block,0.922097,,"0:0.604282,0.499929,0.436116,0.999613:0.922097",normal_tactile_block_false_positive,keep_as_hard_negative,no_face_or_license_plate_visible_in_contact_sheet; keep local-only until source privacy audit,do_not_cross_split_with_same_location_or_sequence,candidate_for_v3_review,정상 점자블록 또는 표면 질감/그림자를 damaged_tactile_block으로 탐지함
v3-failure-002,walksafe_kr_v2,test_subset,datasets/walksafe_kr_v2/images/test/aihub513_tactile_2_09_0_1_5_2_20210924_0000542802.jpg,datasets/walksafe_kr_v2/labels/test/aihub513_tactile_2_09_0_1_5_2_20210924_0000542802.txt,false_positive_normal_tactile,0,damaged_tactile_block,0.916381,,"0:0.477764,0.499619,0.404046,0.998712:0.916381",normal_tactile_block_false_positive,keep_as_hard_negative,no_face_or_license_plate_visible_in_contact_sheet; keep local-only until source privacy audit,do_not_cross_split_with_same_location_or_sequence,candidate_for_v3_review,정상 점자블록 또는 표면 질감/그림자를 damaged_tactile_block으로 탐지함
v3-failure-003,walksafe_kr_v2,test_subset,datasets/walksafe_kr_v2/images/test/aihub513_tactile_2_09_0_1_1_1_20211021_0000724389.jpg,datasets/walksafe_kr_v2/labels/test/aihub513_tactile_2_09_0_1_1_1_20211021_0000724389.txt,false_positive_normal_tactile,0,damaged_tactile_block,0.800088,,"0:0.513361,0.500051,0.399473,0.999897:0.800088",normal_tactile_block_false_positive,keep_as_hard_negative,no_face_or_license_plate_visible_in_contact_sheet; keep local-only until source privacy audit,do_not_cross_split_with_same_location_or_sequence,candidate_for_v3_review,정상 점자블록 또는 표면 질감/그림자를 damaged_tactile_block으로 탐지함
v3-failure-004,walksafe_kr_v2,test_subset,datasets/walksafe_kr_v2/images/test/aihub513_tactile_2_09_0_1_1_2_20211023_0000753836.jpg,datasets/walksafe_kr_v2/labels/test/aihub513_tactile_2_09_0_1_1_2_20211023_0000753836.txt,false_positive_normal_tactile,0,damaged_tactile_block,0.759806,,"0:0.423361,0.499830,0.433575,0.999660:0.759806",normal_tactile_block_false_positive,keep_as_hard_negative,no_face_or_license_plate_visible_in_contact_sheet; keep local-only until source privacy audit,do_not_cross_split_with_same_location_or_sequence,candidate_for_v3_review,정상 점자블록 또는 표면 질감/그림자를 damaged_tactile_block으로 탐지함
v3-failure-005,walksafe_kr_v2,test_subset,datasets/walksafe_kr_v2/images/test/aihub513_tactile_2_09_0_1_1_1_20211020_0000683154.jpg,datasets/walksafe_kr_v2/labels/test/aihub513_tactile_2_09_0_1_1_1_20211020_0000683154.txt,false_positive_normal_tactile,0,damaged_tactile_block,0.673227,,"0:0.538046,0.499970,0.379935,0.999752:0.673227",normal_tactile_block_false_positive,keep_as_hard_negative,no_face_or_license_plate_visible_in_contact_sheet; keep local-only until source privacy audit,do_not_cross_split_with_same_location_or_sequence,candidate_for_v3_review,정상 점자블록 또는 표면 질감/그림자를 damaged_tactile_block으로 탐지함
v3-failure-006,walksafe_kr_v2,test_subset,datasets/walksafe_kr_v2/images/test/aihub513_tactile_2_09_0_1_3_1_20211001_0000579147.jpg,datasets/walksafe_kr_v2/labels/test/aihub513_tactile_2_09_0_1_3_1_20211001_0000579147.txt,false_positive_normal_tactile,0,damaged_tactile_block,0.612976,,"0:0.544769,0.499764,0.419393,0.999527:0.612976",normal_tactile_block_false_positive,keep_as_hard_negative,no_face_or_license_plate_visible_in_contact_sheet; keep local-only until source privacy audit,do_not_cross_split_with_same_location_or_sequence,candidate_for_v3_review,정상 점자블록 또는 표면 질감/그림자를 damaged_tactile_block으로 탐지함
v3-failure-007,walksafe_kr_v2,test_subset,datasets/walksafe_kr_v2/images/test/aihub513_tactile_2_09_0_1_1_1_20210827_0000389715.jpg,datasets/walksafe_kr_v2/labels/test/aihub513_tactile_2_09_0_1_1_1_20210827_0000389715.txt,false_positive_normal_tactile,0,damaged_tactile_block,0.558367,,"0:0.509846,0.499794,0.401479,0.999100:0.558367",normal_tactile_block_false_positive,keep_as_hard_negative,no_face_or_license_plate_visible_in_contact_sheet; keep local-only until source privacy audit,do_not_cross_split_with_same_location_or_sequence,candidate_for_v3_review,정상 점자블록 또는 표면 질감/그림자를 damaged_tactile_block으로 탐지함
v3-failure-008,walksafe_kr_v2,test_subset,datasets/walksafe_kr_v2/images/test/aihub513_tactile_2_09_0_1_4_1_20210927_0000550491.jpg,datasets/walksafe_kr_v2/labels/test/aihub513_tactile_2_09_0_1_4_1_20210927_0000550491.txt,false_positive_normal_tactile,0,damaged_tactile_block,0.506503,,"0:0.486361,0.500000,0.393225,1.000000:0.506503",normal_tactile_block_false_positive,keep_as_hard_negative,no_face_or_license_plate_visible_in_contact_sheet; keep local-only until source privacy audit,do_not_cross_split_with_same_location_or_sequence,candidate_for_v3_review,정상 점자블록 또는 표면 질감/그림자를 damaged_tactile_block으로 탐지함
v3-failure-009,walksafe_kr_v2,test_subset,datasets/walksafe_kr_v2/images/test/aihub513_tactile_2_09_0_1_5_1_20210730_0000065628.jpg,datasets/walksafe_kr_v2/labels/test/aihub513_tactile_2_09_0_1_5_1_20210730_0000065628.txt,false_positive_normal_tactile,0,damaged_tactile_block,0.476294,,"0:0.513504,0.500000,0.405394,1.000000:0.476294",normal_tactile_block_false_positive,keep_as_hard_negative,no_face_or_license_plate_visible_in_contact_sheet; keep local-only until source privacy audit,do_not_cross_split_with_same_location_or_sequence,candidate_for_v3_review,정상 점자블록 또는 표면 질감/그림자를 damaged_tactile_block으로 탐지함
v3-failure-010,walksafe_kr_v2,test_subset,datasets/walksafe_kr_v2/images/test/aihub513_tactile_2_09_0_1_1_2_20210728_0000022477.jpg,datasets/walksafe_kr_v2/labels/test/aihub513_tactile_2_09_0_1_1_2_20210728_0000022477.txt,false_positive_normal_tactile,0,damaged_tactile_block,0.471523,,"0:0.454238,0.451426,0.055363,0.057947:0.471523",normal_tactile_block_false_positive,keep_as_hard_negative,no_face_or_license_plate_visible_in_contact_sheet; keep local-only until source privacy audit,do_not_cross_split_with_same_location_or_sequence,candidate_for_v3_review,정상 점자블록 또는 표면 질감/그림자를 damaged_tactile_block으로 탐지함
v3-failure-011,walksafe_kr_v2,test_subset,datasets/walksafe_kr_v2/images/test/aihub513_tactile_2_09_0_1_6_1_20210816_0000459657.jpg,datasets/walksafe_kr_v2/labels/test/aihub513_tactile_2_09_0_1_6_1_20210816_0000459657.txt,false_positive_normal_tactile,0,damaged_tactile_block,0.458404,,"0:0.609626,0.499924,0.442731,0.999848:0.458404",normal_tactile_block_false_positive,keep_as_hard_negative,no_face_or_license_plate_visible_in_contact_sheet; keep local-only until source privacy audit,do_not_cross_split_with_same_location_or_sequence,candidate_for_v3_review,정상 점자블록 또는 표면 질감/그림자를 damaged_tactile_block으로 탐지함
v3-failure-012,walksafe_kr_v2,test_subset,datasets/walksafe_kr_v2/images/test/aihub513_tactile_2_09_0_1_4_1_20210831_0000436530.jpg,datasets/walksafe_kr_v2/labels/test/aihub513_tactile_2_09_0_1_4_1_20210831_0000436530.txt,false_positive_normal_tactile,0,damaged_tactile_block,0.451970,,"0:0.485868,0.499943,0.422774,0.999886:0.451970",normal_tactile_block_false_positive,keep_as_hard_negative,no_face_or_license_plate_visible_in_contact_sheet; keep local-only until source privacy audit,do_not_cross_split_with_same_location_or_sequence,candidate_for_v3_review,정상 점자블록 또는 표면 질감/그림자를 damaged_tactile_block으로 탐지함
v3-failure-013,walksafe_kr_v2,test_subset,datasets/walksafe_kr_v2/images/test/aihub513_tactile_2_09_1_1_4_2_20210927_0000551201.jpg,datasets/walksafe_kr_v2/labels/test/aihub513_tactile_2_09_1_1_4_2_20210927_0000551201.txt,missed_defect,0,damaged_tactile_block,0.951336,"0:0.504466,0.114907,0.222626,0.083230","0:0.517823,0.499894,0.420421,0.999232:0.951336",true_damage_localization_error,keep_positive_and_improve_box_localization,no_face_or_license_plate_visible_in_contact_sheet; keep local-only until source privacy audit,do_not_cross_split_with_same_location_or_sequence,candidate_for_v3_review,파손/박리 결함은 보이나 예측 박스가 긴 점자블록 strip으로 퍼져 GT와 IoU가 낮음
v3-failure-014,walksafe_kr_v2,test_subset,datasets/walksafe_kr_v2/images/test/aihub513_tactile_2_09_1_1_4_2_20210927_0000551201.jpg,datasets/walksafe_kr_v2/labels/test/aihub513_tactile_2_09_1_1_4_2_20210927_0000551201.txt,missed_defect,0,damaged_tactile_block,0.951336,"0:0.508206,0.194800,0.233572,0.086059","0:0.517823,0.499894,0.420421,0.999232:0.951336",true_damage_localization_error,keep_positive_and_improve_box_localization,no_face_or_license_plate_visible_in_contact_sheet; keep local-only until source privacy audit,do_not_cross_split_with_same_location_or_sequence,candidate_for_v3_review,파손/박리 결함은 보이나 예측 박스가 긴 점자블록 strip으로 퍼져 GT와 IoU가 낮음
v3-failure-015,walksafe_kr_v2,test_subset,datasets/walksafe_kr_v2/images/test/aihub513_tactile_2_09_1_1_1_3_20210809_0000142446.jpg,datasets/walksafe_kr_v2/labels/test/aihub513_tactile_2_09_1_1_1_3_20210809_0000142446.txt,missed_defect,0,damaged_tactile_block,0.948229,"0:0.533346,0.574095,0.356906,0.175429","0:0.500202,0.499659,0.465800,0.999319:0.948229",true_damage_localization_error,keep_positive_and_improve_box_localization,no_face_or_license_plate_visible_in_contact_sheet; keep local-only until source privacy audit,do_not_cross_split_with_same_location_or_sequence,candidate_for_v3_review,파손/박리 결함은 보이나 예측 박스가 긴 점자블록 strip으로 퍼져 GT와 IoU가 낮음
v3-failure-016,walksafe_kr_v2,test_subset,datasets/walksafe_kr_v2/images/test/aihub513_tactile_2_09_1_1_5_2_20211022_0000687657.jpg,datasets/walksafe_kr_v2/labels/test/aihub513_tactile_2_09_1_1_5_2_20211022_0000687657.txt,missed_defect,0,damaged_tactile_block,0.947829,"0:0.481607,0.657485,0.330807,0.164913","0:0.472915,0.500094,0.429343,0.999562:0.947829",true_damage_localization_error,keep_positive_and_improve_box_localization,no_face_or_license_plate_visible_in_contact_sheet; keep local-only until source privacy audit,do_not_cross_split_with_same_location_or_sequence,candidate_for_v3_review,파손/박리 결함은 보이나 예측 박스가 긴 점자블록 strip으로 퍼져 GT와 IoU가 낮음
v3-failure-017,walksafe_kr_v2,test_subset,datasets/walksafe_kr_v2/images/test/aihub513_tactile_2_09_1_1_5_1_20211022_0000689358.jpg,datasets/walksafe_kr_v2/labels/test/aihub513_tactile_2_09_1_1_5_1_20211022_0000689358.txt,missed_defect,0,damaged_tactile_block,0.947658,"0:0.490246,0.597732,0.311902,0.071182","0:0.492339,0.500000,0.403205,1.000000:0.947658",true_damage_localization_error,keep_positive_and_improve_box_localization,no_face_or_license_plate_visible_in_contact_sheet; keep local-only until source privacy audit,do_not_cross_split_with_same_location_or_sequence,candidate_for_v3_review,파손/박리 결함은 보이나 예측 박스가 긴 점자블록 strip으로 퍼져 GT와 IoU가 낮음
v3-failure-018,walksafe_kr_v2,test_subset,datasets/walksafe_kr_v2/images/test/aihub513_tactile_2_09_1_1_5_1_20211022_0000689358.jpg,datasets/walksafe_kr_v2/labels/test/aihub513_tactile_2_09_1_1_5_1_20211022_0000689358.txt,missed_defect,0,damaged_tactile_block,0.947658,"0:0.479330,0.400884,0.268236,0.104576","0:0.492339,0.500000,0.403205,1.000000:0.947658",true_damage_localization_error,keep_positive_and_improve_box_localization,no_face_or_license_plate_visible_in_contact_sheet; keep local-only until source privacy audit,do_not_cross_split_with_same_location_or_sequence,candidate_for_v3_review,파손/박리 결함은 보이나 예측 박스가 긴 점자블록 strip으로 퍼져 GT와 IoU가 낮음
v3-failure-019,walksafe_kr_v2,test_subset,datasets/walksafe_kr_v2/images/test/aihub513_tactile_2_09_1_1_1_2_20210725_0000013419.jpg,datasets/walksafe_kr_v2/labels/test/aihub513_tactile_2_09_1_1_1_2_20210725_0000013419.txt,missed_defect,0,damaged_tactile_block,0.947381,"0:0.497378,0.776959,0.269134,0.156254","0:0.502034,0.499834,0.460903,0.999660:0.947381",true_damage_localization_error,keep_positive_and_improve_box_localization,no_face_or_license_plate_visible_in_contact_sheet; keep local-only until source privacy audit,do_not_cross_split_with_same_location_or_sequence,candidate_for_v3_review,파손/박리 결함은 보이나 예측 박스가 긴 점자블록 strip으로 퍼져 GT와 IoU가 낮음
v3-failure-020,walksafe_kr_v2,test_subset,datasets/walksafe_kr_v2/images/test/aihub513_tactile_2_09_1_1_1_1_20210827_0000378580.jpg,datasets/walksafe_kr_v2/labels/test/aihub513_tactile_2_09_1_1_1_1_20210827_0000378580.txt,missed_defect,0,damaged_tactile_block,0.943453,"0:0.440844,0.840688,0.132606,0.169586","0:0.502934,0.500000,0.393151,1.000000:0.943453",true_damage_localization_error,keep_positive_and_improve_box_localization,no_face_or_license_plate_visible_in_contact_sheet; keep local-only until source privacy audit,do_not_cross_split_with_same_location_or_sequence,candidate_for_v3_review,파손/박리 결함은 보이나 예측 박스가 긴 점자블록 strip으로 퍼져 GT와 IoU가 낮음
v3-failure-021,walksafe_kr_v2,test_subset,datasets/walksafe_kr_v2/images/test/aihub513_tactile_2_09_1_1_1_1_20210827_0000378580.jpg,datasets/walksafe_kr_v2/labels/test/aihub513_tactile_2_09_1_1_1_1_20210827_0000378580.txt,missed_defect,0,damaged_tactile_block,0.943453,"0:0.498320,0.470116,0.287444,0.139789","0:0.502934,0.500000,0.393151,1.000000:0.943453",true_damage_localization_error,keep_positive_and_improve_box_localization,no_face_or_license_plate_visible_in_contact_sheet; keep local-only until source privacy audit,do_not_cross_split_with_same_location_or_sequence,candidate_for_v3_review,파손/박리 결함은 보이나 예측 박스가 긴 점자블록 strip으로 퍼져 GT와 IoU가 낮음
v3-failure-022,walksafe_kr_v2,test_subset,datasets/walksafe_kr_v2/images/test/aihub513_tactile_2_09_1_1_1_2_20210725_0000011145.jpg,datasets/walksafe_kr_v2/labels/test/aihub513_tactile_2_09_1_1_1_2_20210725_0000011145.txt,missed_defect,0,damaged_tactile_block,0.942907,"0:0.532769,0.310110,0.272288,0.116270","0:0.552928,0.499760,0.468757,0.999520:0.942907",true_damage_localization_error,keep_positive_and_improve_box_localization,no_face_or_license_plate_visible_in_contact_sheet; keep local-only until source privacy audit,do_not_cross_split_with_same_location_or_sequence,candidate_for_v3_review,파손/박리 결함은 보이나 예측 박스가 긴 점자블록 strip으로 퍼져 GT와 IoU가 낮음
v3-failure-023,walksafe_kr_v2,test_subset,datasets/walksafe_kr_v2/images/test/aihub513_tactile_2_09_1_1_5_1_20211026_0000736610.jpg,datasets/walksafe_kr_v2/labels/test/aihub513_tactile_2_09_1_1_5_1_20211026_0000736610.txt,missed_defect,0,damaged_tactile_block,0.935155,"0:0.397598,0.850908,0.114543,0.203180","0:0.531860,0.499746,0.403437,0.999307:0.935155",true_damage_localization_error,keep_positive_and_improve_box_localization,no_face_or_license_plate_visible_in_contact_sheet; keep local-only until source privacy audit,do_not_cross_split_with_same_location_or_sequence,candidate_for_v3_review,파손/박리 결함은 보이나 예측 박스가 긴 점자블록 strip으로 퍼져 GT와 IoU가 낮음
v3-failure-024,walksafe_kr_v2,test_subset,datasets/walksafe_kr_v2/images/test/aihub513_tactile_2_09_1_1_1_1_20211021_0000700279.jpg,datasets/walksafe_kr_v2/labels/test/aihub513_tactile_2_09_1_1_1_1_20211021_0000700279.txt,missed_defect,0,damaged_tactile_block,0.917167,"0:0.479933,0.219471,0.274474,0.304532","0:0.477310,0.499817,0.388085,0.999634:0.917167",true_damage_localization_error,keep_positive_and_improve_box_localization,no_face_or_license_plate_visible_in_contact_sheet; keep local-only until source privacy audit,do_not_cross_split_with_same_location_or_sequence,candidate_for_v3_review,파손/박리 결함은 보이나 예측 박스가 긴 점자블록 strip으로 퍼져 GT와 IoU가 낮음
v3-failure-025,walksafe_kr_v2,test_subset,datasets/walksafe_kr_v2/images/test/aihub513_tactile_2_09_1_1_1_2_20210725_0000013796.jpg,datasets/walksafe_kr_v2/labels/test/aihub513_tactile_2_09_1_1_1_2_20210725_0000013796.txt,small_or_far,0,damaged_tactile_block,0.957883,"0:0.543059,0.182748,0.041226,0.046429","0:0.490539,0.500000,0.466375,1.000000:0.957883",tiny_or_low_salience_defect_review_min_box_policy,review_min_box_policy_before_training,no_face_or_license_plate_visible_in_contact_sheet; keep local-only until source privacy audit,do_not_cross_split_with_same_location_or_sequence,candidate_for_v3_review,작은 균열/모서리 박리 후보로 보이나 사용자 경보 가치와 라벨 최소 크기 정책 확인 필요
v3-failure-026,walksafe_kr_v2,test_subset,datasets/walksafe_kr_v2/images/test/aihub513_tactile_2_09_1_1_1_2_20210725_0000013796.jpg,datasets/walksafe_kr_v2/labels/test/aihub513_tactile_2_09_1_1_1_2_20210725_0000013796.txt,small_or_far,0,damaged_tactile_block,0.957883,"0:0.599576,0.441488,0.060782,0.085417","0:0.490539,0.500000,0.466375,1.000000:0.957883",tiny_or_low_salience_defect_review_min_box_policy,review_min_box_policy_before_training,no_face_or_license_plate_visible_in_contact_sheet; keep local-only until source privacy audit,do_not_cross_split_with_same_location_or_sequence,candidate_for_v3_review,작은 균열/모서리 박리 후보로 보이나 사용자 경보 가치와 라벨 최소 크기 정책 확인 필요
v3-failure-027,walksafe_kr_v2,test_subset,datasets/walksafe_kr_v2/images/test/aihub513_tactile_2_09_1_1_1_2_20210727_0000016151.jpg,datasets/walksafe_kr_v2/labels/test/aihub513_tactile_2_09_1_1_1_2_20210727_0000016151.txt,small_or_far,0,damaged_tactile_block,0.953497,"0:0.552082,0.193361,0.048097,0.095238","0:0.515644,0.499944,0.441732,0.999824:0.953497",tiny_or_low_salience_defect_review_min_box_policy,review_min_box_policy_before_training,no_face_or_license_plate_visible_in_contact_sheet; keep local-only until source privacy audit,do_not_cross_split_with_same_location_or_sequence,candidate_for_v3_review,작은 균열/모서리 박리 후보로 보이나 사용자 경보 가치와 라벨 최소 크기 정책 확인 필요
v3-failure-028,walksafe_kr_v2,test_subset,datasets/walksafe_kr_v2/images/test/aihub513_tactile_2_09_1_1_1_2_20210727_0000016151.jpg,datasets/walksafe_kr_v2/labels/test/aihub513_tactile_2_09_1_1_1_2_20210727_0000016151.txt,small_or_far,0,damaged_tactile_block,0.953497,"0:0.491741,0.300294,0.077290,0.111628","0:0.515644,0.499944,0.441732,0.999824:0.953497",tiny_or_low_salience_defect_review_min_box_policy,review_min_box_policy_before_training,no_face_or_license_plate_visible_in_contact_sheet; keep local-only until source privacy audit,do_not_cross_split_with_same_location_or_sequence,candidate_for_v3_review,작은 균열/모서리 박리 후보로 보이나 사용자 경보 가치와 라벨 최소 크기 정책 확인 필요
v3-failure-029,walksafe_kr_v2,test_subset,datasets/walksafe_kr_v2/images/test/aihub513_tactile_2_09_1_1_1_2_20211005_0000590938.jpg,datasets/walksafe_kr_v2/labels/test/aihub513_tactile_2_09_1_1_1_2_20211005_0000590938.txt,small_or_far,0,damaged_tactile_block,0.953389,"0:0.364873,0.955146,0.040867,0.048762","0:0.524970,0.499793,0.360343,0.999586:0.953389",tiny_or_low_salience_defect_review_min_box_policy,review_min_box_policy_before_training,no_face_or_license_plate_visible_in_contact_sheet; keep local-only until source privacy audit,do_not_cross_split_with_same_location_or_sequence,candidate_for_v3_review,작은 균열/모서리 박리 후보로 보이나 사용자 경보 가치와 라벨 최소 크기 정책 확인 필요
v3-failure-030,walksafe_kr_v2,test_subset,datasets/walksafe_kr_v2/images/test/aihub513_tactile_2_09_1_1_1_2_20210727_0000015961.jpg,datasets/walksafe_kr_v2/labels/test/aihub513_tactile_2_09_1_1_1_2_20210727_0000015961.txt,small_or_far,0,damaged_tactile_block,0.952618,"0:0.439989,0.061825,0.032241,0.040476","0:0.512191,0.499834,0.432722,0.999668:0.952618",tiny_or_low_salience_defect_review_min_box_policy,review_min_box_policy_before_training,no_face_or_license_plate_visible_in_contact_sheet; keep local-only until source privacy audit,do_not_cross_split_with_same_location_or_sequence,candidate_for_v3_review,작은 균열/모서리 박리 후보로 보이나 사용자 경보 가치와 라벨 최소 크기 정책 확인 필요
v3-failure-031,walksafe_kr_v2,test_subset,datasets/walksafe_kr_v2/images/test/aihub513_tactile_2_09_1_1_1_1_20211007_0000602760.jpg,datasets/walksafe_kr_v2/labels/test/aihub513_tactile_2_09_1_1_1_1_20211007_0000602760.txt,small_or_far,0,damaged_tactile_block,0.952321,"0:0.434641,0.206733,0.104673,0.056242","0:0.500808,0.500000,0.369849,1.000000:0.952321",visible_small_defect_positive,keep_positive_with_small_object_augmentation,no_face_or_license_plate_visible_in_contact_sheet; keep local-only until source privacy audit,do_not_cross_split_with_same_location_or_sequence,candidate_for_v3_review,작지만 시각적으로 확인 가능한 균열/박리 결함 후보임
v3-failure-032,walksafe_kr_v2,test_subset,datasets/walksafe_kr_v2/images/test/aihub513_tactile_2_09_1_1_1_4_20210910_0000477211.jpg,datasets/walksafe_kr_v2/labels/test/aihub513_tactile_2_09_1_1_1_4_20210910_0000477211.txt,small_or_far,0,damaged_tactile_block,0.951685,"0:0.595006,0.352274,0.086364,0.038971","0:0.494857,0.499904,0.424285,0.999808:0.951685",visible_small_defect_positive,keep_positive_with_small_object_augmentation,no_face_or_license_plate_visible_in_contact_sheet; keep local-only until source privacy audit,do_not_cross_split_with_same_location_or_sequence,candidate_for_v3_review,작지만 시각적으로 확인 가능한 균열/박리 결함 후보임
v3-failure-033,walksafe_kr_v2,test_subset,datasets/walksafe_kr_v2/images/test/aihub513_tactile_2_09_1_1_4_2_20211101_0000834971.jpg,datasets/walksafe_kr_v2/labels/test/aihub513_tactile_2_09_1_1_4_2_20211101_0000834971.txt,small_or_far,0,damaged_tactile_block,0.950948,"0:0.373946,0.396667,0.054753,0.012571","0:0.480922,0.499726,0.385505,0.999246:0.950948",tiny_or_low_salience_defect_review_min_box_policy,review_min_box_policy_before_training,no_face_or_license_plate_visible_in_contact_sheet; keep local-only until source privacy audit,do_not_cross_split_with_same_location_or_sequence,candidate_for_v3_review,작은 균열/모서리 박리 후보로 보이나 사용자 경보 가치와 라벨 최소 크기 정책 확인 필요
v3-failure-034,walksafe_kr_v2,test_subset,datasets/walksafe_kr_v2/images/test/aihub513_tactile_2_09_1_1_1_2_20210901_0000424548.jpg,datasets/walksafe_kr_v2/labels/test/aihub513_tactile_2_09_1_1_1_2_20210901_0000424548.txt,small_or_far,0,damaged_tactile_block,0.950150,"0:0.594087,0.717205,0.031534,0.033730","0:0.537724,0.499793,0.455227,0.999586:0.950150",tiny_or_low_salience_defect_review_min_box_policy,review_min_box_policy_before_training,no_face_or_license_plate_visible_in_contact_sheet; keep local-only until source privacy audit,do_not_cross_split_with_same_location_or_sequence,candidate_for_v3_review,작은 균열/모서리 박리 후보로 보이나 사용자 경보 가치와 라벨 최소 크기 정책 확인 필요
v3-failure-035,walksafe_kr_v2,test_subset,datasets/walksafe_kr_v2/images/test/aihub513_tactile_2_09_1_1_1_2_20210901_0000424548.jpg,datasets/walksafe_kr_v2/labels/test/aihub513_tactile_2_09_1_1_1_2_20210901_0000424548.txt,small_or_far,0,damaged_tactile_block,0.950150,"0:0.683960,0.692516,0.036859,0.039630","0:0.537724,0.499793,0.455227,0.999586:0.950150",tiny_or_low_salience_defect_review_min_box_policy,review_min_box_policy_before_training,no_face_or_license_plate_visible_in_contact_sheet; keep local-only until source privacy audit,do_not_cross_split_with_same_location_or_sequence,candidate_for_v3_review,작은 균열/모서리 박리 후보로 보이나 사용자 경보 가치와 라벨 최소 크기 정책 확인 필요
v3-failure-036,walksafe_kr_v2,test_subset,datasets/walksafe_kr_v2/images/test/aihub513_tactile_2_09_1_1_1_1_20210813_0000205429.jpg,datasets/walksafe_kr_v2/labels/test/aihub513_tactile_2_09_1_1_1_1_20210813_0000205429.txt,small_or_far,0,damaged_tactile_block,0.949391,"0:0.512989,0.515000,0.147021,0.030000","0:0.406677,0.499812,0.438169,0.999473:0.949391",visible_small_defect_positive,keep_positive_with_small_object_augmentation,no_face_or_license_plate_visible_in_contact_sheet; keep local-only until source privacy audit,do_not_cross_split_with_same_location_or_sequence,candidate_for_v3_review,작지만 시각적으로 확인 가능한 균열/박리 결함 후보임
v3-failure-037,walksafe_kr_v2,test_subset,datasets/walksafe_kr_v2/images/test/aihub513_tactile_2_09_0_1_1_1_20211021_0000724389.jpg,datasets/walksafe_kr_v2/labels/test/aihub513_tactile_2_09_0_1_1_1_20211021_0000724389.txt,false_positive_normal_tactile,0,damaged_tactile_block,0.451144,,"0:0.498922,0.389005,0.052169,0.117251:0.451144",normal_tactile_block_false_positive,keep_as_hard_negative,no_face_or_license_plate_visible_in_contact_sheet; keep local-only until source privacy audit,do_not_cross_split_with_same_location_or_sequence,candidate_for_v3_review,정상 점자블록 또는 표면 질감/그림자를 damaged_tactile_block으로 탐지함
v3-failure-038,walksafe_kr_v2,test_subset,datasets/walksafe_kr_v2/images/test/aihub513_tactile_2_09_0_1_1_1_20211017_0000657901.jpg,datasets/walksafe_kr_v2/labels/test/aihub513_tactile_2_09_0_1_1_1_20211017_0000657901.txt,false_positive_normal_tactile,0,damaged_tactile_block,0.437366,,"0:0.492589,0.499794,0.415828,0.999588:0.437366",normal_tactile_block_false_positive,keep_as_hard_negative,no_face_or_license_plate_visible_in_contact_sheet; keep local-only until source privacy audit,do_not_cross_split_with_same_location_or_sequence,candidate_for_v3_review,정상 점자블록 또는 표면 질감/그림자를 damaged_tactile_block으로 탐지함
v3-failure-039,walksafe_kr_v2,test_subset,datasets/walksafe_kr_v2/images/test/aihub513_tactile_2_09_0_1_2_1_20211027_0000998008.jpg,datasets/walksafe_kr_v2/labels/test/aihub513_tactile_2_09_0_1_2_1_20211027_0000998008.txt,false_positive_normal_tactile,0,damaged_tactile_block,0.389028,,"0:0.516915,0.499895,0.399434,0.999791:0.389028",normal_tactile_block_false_positive,keep_as_hard_negative,no_face_or_license_plate_visible_in_contact_sheet; keep local-only until source privacy audit,do_not_cross_split_with_same_location_or_sequence,candidate_for_v3_review,정상 점자블록 또는 표면 질감/그림자를 damaged_tactile_block으로 탐지함
v3-failure-040,walksafe_kr_v2,test_subset,datasets/walksafe_kr_v2/images/test/aihub513_tactile_2_09_0_1_1_1_20211019_0000662670.jpg,datasets/walksafe_kr_v2/labels/test/aihub513_tactile_2_09_0_1_1_1_20211019_0000662670.txt,false_positive_normal_tactile,0,damaged_tactile_block,0.377620,,"0:0.478827,0.500036,0.371221,0.999928:0.377620",normal_tactile_block_false_positive,keep_as_hard_negative,no_face_or_license_plate_visible_in_contact_sheet; keep local-only until source privacy audit,do_not_cross_split_with_same_location_or_sequence,candidate_for_v3_review,정상 점자블록 또는 표면 질감/그림자를 damaged_tactile_block으로 탐지함
