candidate_id,source_dataset,source_zip,source_xml,source_member,split,width,height,xmin,ymin,xmax,ymax,shape_type,points,review_decision,approved_xmin,approved_ymin,approved_xmax,approved_ymax,review_note
028d065e474401f2,aihub189_bbox_scooter_candidate,/home/ddobagi/Downloads/한이음 드림업 데이터셋/인도보행 영상/바운딩박스/Bbox_1_new.zip,Bbox_0088/0627_09.xml,Bbox_0088/MP_SEL_010132.jpg,train,1920,1080,1366.71,486.19,1520.30,685.40,box,,,1366.71,486.19,1520.30,685.40,
05bd7f9f0cb5d308,aihub189_polygon_scooter_candidate,/home/ddobagi/Downloads/한이음 드림업 데이터셋/인도보행 영상/폴리곤세크멘테이션/Polygon_1_new.zip,Polygon_0253/P0919_19.xml,Polygon_0253/MP_TW_P000950.jpg,train,1920,1080,1323.61,672.13,1338.50,683.83,polygon,"1325.61,672.13;1334.61,672.13;1337.40,675.83;1338.50,679.93;1337.40,683.33;1335.80,683.83;1323.61,683.03",,1323.61,672.13,1338.50,683.83,
063fa3b9faf628db,aihub189_polygon_scooter_candidate,/home/ddobagi/Downloads/한이음 드림업 데이터셋/인도보행 영상/폴리곤세크멘테이션/Polygon_1_new.zip,Polygon_0261/P0919_27.xml,Polygon_0261/MP_TW_P001338.jpg,train,1920,1080,327.08,466.08,457.87,730.69,polygon,"327.08,474.20;345.74,475.06;354.21,472.82;358.01,468.84;362.50,466.60;366.48,466.08;368.89,468.67;370.45,473.33;371.66,476.79;374.42,478.17;414.17,481.63;418.07,483.10;420.58,483.18;425.87,478.59;427.08,476.58;427.77,474.10;427.87,472.89;431.78,471.09;436.48,471.88;444.27,477.40;455.07,480.09;457.87,480.38;457.47,492.69;434.87,489.89;421.48,492.08;408.28,491.89;397.08,522.69;401.67,532.90;391.80,561.20;401.81,568.44;403.73,569.29;406.86,573.01;408.05,578.54;405.65,584.41;392.08,592.93;397.32,635.42;403.30,670.66;374.63,710.07;366.87,722.91;359.10,729.18;351.63,730.69;349.25,722.32;347.76,714.25;343.58,704.70;346.57,689.77;358.22,680.82;363.88,680.52;368.48,589.30;358.41,584.27;357.70,576.50;362.16,571.16;375.98,565.70;387.45,513.42;392.24,489.66;358.53,488.70;347.85,487.50;328.29,481.25",,327.08,466.08,457.87,730.69,
08496ce84b16d1ee,aihub189_bbox_scooter_candidate,/home/ddobagi/Downloads/한이음 드림업 데이터셋/인도보행 영상/바운딩박스/Bbox_1_new.zip,Bbox_0136/0702_13.xml,Bbox_0136/MP_SEL_019572.jpg,train,1920,1080,532.96,570.53,596.86,654.25,box,,,532.96,570.53,596.86,654.25,
0a19d6e9fcb7bc36,aihub189_polygon_scooter_candidate,/home/ddobagi/Downloads/한이음 드림업 데이터셋/인도보행 영상/폴리곤세크멘테이션/Polygon_1_new.zip,Polygon_0184/P0917_10.xml,Polygon_0184/MP_KSC_P002365.jpg,train,1920,1080,975.32,762.95,1003.37,836.90,polygon,"982.97,823.87;975.32,824.44;975.89,835.77;979.86,836.90;979.86,831.24;991.47,831.24;992.04,836.62;999.41,836.34;999.41,826.42;990.34,823.30;992.04,765.78;1003.37,766.92;1003.37,762.95;978.44,763.23;978.16,766.92;988.64,767.20;986.09,823.02",,975.32,762.95,1003.37,836.90,
0a5526a1949578c4,aihub189_polygon_scooter_candidate,/home/ddobagi/Downloads/한이음 드림업 데이터셋/인도보행 영상/폴리곤세크멘테이션/Polygon_1_new.zip,Polygon_0298/P0921_06.xml,Polygon_0298/MP_TW_P003290.jpg,train,1920,1080,129.34,518.35,181.02,629.54,polygon,"138.86,609.14;134.78,606.08;130.02,608.46;129.34,613.56;129.34,619.34;132.06,623.76;136.82,625.80;139.20,621.04;138.86,619.00;141.92,619.34;143.28,626.14;146.68,629.54;151.78,627.84;153.48,622.40;154.50,620.36;152.46,615.60;153.14,590.78;157.22,588.40;156.88,585.00;153.14,583.64;156.88,581.60;158.92,547.60;160.28,526.18;180.34,529.92;181.02,525.84;163.00,522.78;162.66,518.35;152.46,519.37;150.42,521.42;132.40,521.07;131.04,523.12;153.14,525.16;151.10,545.56;146.68,550.66;144.64,580.58;149.06,583.64;144.98,584.32;145.32,587.04;148.72,588.06;147.70,600.98;141.24,610.16",,129.34,518.35,181.02,629.54,
113285533af440c4,aihub189_bbox_scooter_candidate,/home/ddobagi/Downloads/한이음 드림업 데이터셋/인도보행 영상/바운딩박스/Bbox_1_new.zip,Bbox_0149/0702_26.xml,Bbox_0149/MP_SEL_022293.jpg,train,1920,1080,584.32,498.94,634.99,621.80,box,,,584.32,498.94,634.99,621.80,
1193dd0a1d6a3e58,aihub189_polygon_scooter_candidate,/home/ddobagi/Downloads/한이음 드림업 데이터셋/인도보행 영상/폴리곤세크멘테이션/Polygon_1_new.zip,Polygon_0271/P0920_07.xml,Polygon_0271/MP_TW_P001849.jpg,val,1920,1080,988.83,631.44,1108.00,780.27,polygon,"1055.20,633.31;1068.27,633.72;1069.30,631.44;1076.15,631.44;1077.60,633.52;1092.94,633.31;1093.36,638.29;1077.18,639.53;1082.37,661.93;1092.53,706.71;1097.10,716.90;1098.54,722.06;1098.54,728.90;1095.85,730.98;1098.29,752.19;1102.48,756.27;1106.57,761.54;1108.00,767.06;1106.82,775.70;1102.61,779.31;1099.72,780.27;1095.29,779.66;1092.05,777.38;1090.12,773.42;1088.57,768.13;1088.44,762.99;1088.32,754.95;1086.89,748.58;1079.80,757.83;1075.01,762.39;1067.70,765.20;1050.70,766.20;1012.49,765.27;1008.13,771.72;1001.12,775.12;992.23,771.83;988.83,763.12;990.74,755.63;994.63,747.23;1002.53,744.52;1010.00,748.91;1013.30,759.43;1047.41,760.32;1067.10,761.20;1072.71,757.21;1084.61,742.11;1086.89,738.11;1085.50,717.41;1076.20,709.50;1070.80,696.72;1069.49,675.82;1073.10,670.51;1070.40,639.72;1055.02,638.83",,988.83,631.44,1108.00,780.27,
11ff0fcee404cba1,aihub189_bbox_scooter_candidate,/home/ddobagi/Downloads/한이음 드림업 데이터셋/인도보행 영상/바운딩박스/Bbox_1_new.zip,Bbox_0150/0704_01.xml,Bbox_0150/MP_SEL_022637.jpg,train,1920,1080,1630.91,414.02,1694.81,638.75,box,,,1630.91,414.02,1694.81,638.75,
16fcf21e31734f23,aihub189_polygon_scooter_candidate,/home/ddobagi/Downloads/한이음 드림업 데이터셋/인도보행 영상/폴리곤세크멘테이션/Polygon_1_new.zip,Polygon_0261/P0919_27.xml,Polygon_0261/MP_TW_P001337.jpg,train,1920,1080,828.13,471.70,897.80,626.55,polygon,"850.77,471.70;873.72,473.40;887.60,478.22;886.75,484.73;887.03,491.53;889.58,506.55;895.70,509.22;897.80,515.82;893.61,526.61;882.10,526.81;869.10,523.01;865.50,518.71;865.10,517.72;863.69,523.92;864.51,527.01;870.09,533.61;869.49,540.33;867.00,541.01;863.60,540.33;862.50,540.72;861.93,570.79;865.87,583.42;865.24,598.36;862.35,602.10;856.55,606.23;850.31,613.71;848.24,616.41;848.24,618.05;846.80,621.17;845.55,623.24;842.66,625.53;839.74,626.55;835.80,625.11;833.11,621.59;832.69,617.43;832.69,615.58;828.13,612.24;828.98,606.46;842.43,594.42;845.35,581.36;849.92,541.74;843.06,539.05;841.61,532.00;844.93,526.61;850.94,526.19;851.79,526.19;858.19,523.50;864.62,479.32;850.11,476.86",,828.13,471.70,897.80,626.55,
18b637a9b53e0c72,aihub189_bbox_scooter_candidate,/home/ddobagi/Downloads/한이음 드림업 데이터셋/인도보행 영상/바운딩박스/Bbox_1_new.zip,Bbox_0065/0625_13.xml,Bbox_0065/MP_SEL_007104.jpg,train,1920,1080,1205.44,357.70,1311.20,531.03,box,,,1205.44,357.70,1311.20,531.03,
19a503d3a328b58f,aihub189_polygon_scooter_candidate,/home/ddobagi/Downloads/한이음 드림업 데이터셋/인도보행 영상/폴리곤세크멘테이션/Polygon_1_new.zip,Polygon_0271/P0920_07.xml,Polygon_0271/MP_TW_P001849.jpg,train,1920,1080,1103.06,632.03,1167.12,775.44,polygon,"1118.01,634.76;1127.03,634.49;1126.62,632.03;1131.27,632.30;1133.04,634.63;1152.45,633.26;1152.99,636.95;1137.01,638.45;1137.96,651.16;1146.57,696.53;1151.92,705.38;1157.03,718.71;1158.20,726.00;1153.34,729.19;1158.72,748.45;1162.23,751.42;1167.12,759.62;1166.78,768.16;1163.40,773.70;1157.79,775.10;1153.12,775.44;1149.81,772.82;1146.18,766.90;1145.20,760.00;1148.44,750.95;1150.62,746.98;1148.91,742.99;1146.29,743.67;1135.94,756.05;1128.04,761.35;1120.54,762.05;1107.04,762.05;1103.06,756.63;1126.91,754.97;1131.88,750.41;1146.82,734.64;1147.45,731.95;1138.73,711.83;1132.50,703.10;1127.30,675.50;1131.64,664.10;1126.46,639.85;1116.50,639.01",,1103.06,632.03,1167.12,775.44,
1a47cbb643dfc8ad,aihub189_bbox_scooter_candidate,/home/ddobagi/Downloads/한이음 드림업 데이터셋/인도보행 영상/바운딩박스/Bbox_1_new.zip,Bbox_0148/0702_25.xml,Bbox_0148/MP_SEL_022165.jpg,train,1920,1080,1376.28,650.93,1442.38,778.37,box,,,1376.28,650.93,1442.38,778.37,
1a79fb006317115d,aihub189_polygon_scooter_candidate,/home/ddobagi/Downloads/한이음 드림업 데이터셋/인도보행 영상/폴리곤세크멘테이션/Polygon_1_new.zip,Polygon_0293/P0921_01.xml,Polygon_0293/MP_TW_P003048.jpg,train,1920,1080,639.91,156.27,713.29,262.02,polygon,"639.91,159.34;655.39,160.94;655.96,156.72;661.20,156.27;665.07,157.18;663.93,161.73;680.90,164.58;680.33,166.52;662.91,164.81;658.39,225.02;655.83,225.22;655.83,233.10;670.58,246.86;698.53,243.91;700.10,236.43;704.83,235.05;711.32,237.81;713.29,244.89;712.89,250.02;709.55,254.14;706.59,254.54;699.71,250.41;667.83,251.59;655.83,244.70;654.45,257.49;651.90,261.43;648.55,262.02;647.57,256.51;652.88,203.57;657.00,164.51",,639.91,156.27,713.29,262.02,
1c9c6fd1771dca46,aihub189_bbox_scooter_candidate,/home/ddobagi/Downloads/한이음 드림업 데이터셋/인도보행 영상/바운딩박스/Bbox_1_new.zip,Bbox_0127/0702_04.xml,Bbox_0127/MP_SEL_016817.jpg,train,1920,1080,391.14,284.83,441.38,356.23,box,,,391.14,284.83,441.38,356.23,
1d56651b4dc4046e,aihub189_bbox_scooter_candidate,/home/ddobagi/Downloads/한이음 드림업 데이터셋/인도보행 영상/바운딩박스/Bbox_1_new.zip,Bbox_0049/0624_10.xml,Bbox_0049/MP_SEL_005274.jpg,train,1920,1080,1110.11,562.94,1176.87,720.91,box,,,1110.11,562.94,1176.87,720.91,
1d99bdfac6ab1192,aihub189_polygon_scooter_candidate,/home/ddobagi/Downloads/한이음 드림업 데이터셋/인도보행 영상/폴리곤세크멘테이션/Polygon_1_new.zip,Polygon_0148/P0916_04.xml,Polygon_0148/MP_KSC_P000568.jpg,train,1920,1080,1314.18,440.13,1343.37,459.12,polygon,"1328.07,440.99;1342.80,440.13;1343.37,454.87;1314.18,459.12",,1314.18,440.13,1343.37,459.12,
20659517b4fc1470,aihub189_bbox_scooter_candidate,/home/ddobagi/Downloads/한이음 드림업 데이터셋/인도보행 영상/바운딩박스/Bbox_1_new.zip,Bbox_0102/0628_10.xml,Bbox_0102/MP_SEL_011971.jpg,train,1920,1080,84.86,399.84,144.40,469.64,box,,,84.86,399.84,144.40,469.64,
20dbf713a6f5aa96,aihub189_bbox_scooter_candidate,/home/ddobagi/Downloads/한이음 드림업 데이터셋/인도보행 영상/바운딩박스/Bbox_1_new.zip,Bbox_0061/0625_09.xml,Bbox_0061/MP_SEL_006566.jpg,train,1920,1080,1050.18,524.05,1084.46,564.48,box,,,1050.18,524.05,1084.46,564.48,
21feefdde1196657,aihub189_polygon_scooter_candidate,/home/ddobagi/Downloads/한이음 드림업 데이터셋/인도보행 영상/폴리곤세크멘테이션/Polygon_1_new.zip,Polygon_0293/P0921_01.xml,Polygon_0293/MP_TW_P003049.jpg,train,1920,1080,690.94,45.83,769.00,164.29,polygon,"691.97,49.03;704.77,49.73;708.27,49.73;711.97,45.93;718.17,45.83;719.97,53.63;734.77,54.93;734.87,56.73;716.37,56.63;709.00,128.10;722.70,147.94;747.20,144.84;751.70,144.74;753.70,135.64;758.20,134.04;762.80,133.84;765.70,136.64;767.70,143.24;769.00,147.64;766.40,154.57;762.32,157.45;756.20,155.42;753.56,149.29;722.72,152.89;717.08,151.33;707.24,142.69;707.48,153.85;706.52,159.97;701.96,164.29;698.84,162.97;697.40,152.29;702.92,140.77;710.38,55.91;696.70,52.89;690.94,51.16",,690.94,45.83,769.00,164.29,
24516ca37fc789c6,aihub189_bbox_scooter_candidate,/home/ddobagi/Downloads/한이음 드림업 데이터셋/인도보행 영상/바운딩박스/Bbox_1_new.zip,Bbox_0150/0704_01.xml,Bbox_0150/MP_SEL_022659.jpg,train,1920,1080,1391.14,265.83,1434.55,311.47,box,,,1391.14,265.83,1434.55,311.47,
2604e36ea3a88c0e,aihub189_bbox_scooter_candidate,/home/ddobagi/Downloads/한이음 드림업 데이터셋/인도보행 영상/바운딩박스/Bbox_1_new.zip,Bbox_0106/0628_14.xml,Bbox_0106/MP_SEL_012659.jpg,train,3328,1872,2619.69,605.75,2665.00,717.94,box,,,2619.69,605.75,2665.00,717.94,
2606289adbbc95e6,aihub189_bbox_scooter_candidate,/home/ddobagi/Downloads/한이음 드림업 데이터셋/인도보행 영상/바운딩박스/Bbox_1_new.zip,Bbox_0017/0620_03.xml,Bbox_0017/MP_SEL_002082.jpg,train,1920,1080,1292.02,474.77,1413.22,613.11,box,,,1292.02,474.77,1413.22,613.11,
26e65143e81a94fb,aihub189_bbox_scooter_candidate,/home/ddobagi/Downloads/한이음 드림업 데이터셋/인도보행 영상/바운딩박스/Bbox_1_new.zip,Bbox_0095/0628_03.xml,Bbox_0095/MP_SEL_010967.jpg,train,1920,1080,839.79,329.59,927.93,440.21,box,,,839.79,329.59,927.93,440.21,
276bde50a1d1b827,aihub189_polygon_scooter_candidate,/home/ddobagi/Downloads/한이음 드림업 데이터셋/인도보행 영상/폴리곤세크멘테이션/Polygon_1_new.zip,Polygon_0272/P0920_08.xml,Polygon_0272/MP_TW_P001882.jpg,train,1920,1080,1310.90,504.19,1432.69,844.03,polygon,"1418.05,524.23;1400.41,519.79;1401.37,516.19;1394.41,513.07;1392.61,515.23;1359.97,504.19;1354.93,506.71;1352.53,513.19;1385.17,526.15;1407.13,534.19;1407.61,542.11;1411.21,547.51;1396.62,588.37;1392.82,589.87;1391.82,596.28;1393.32,600.88;1378.21,639.97;1376.22,647.47;1375.42,651.88;1363.92,679.28;1359.77,701.63;1354.87,700.82;1351.67,700.32;1349.27,701.93;1344.47,707.52;1346.57,714.62;1335.17,734.42;1334.06,742.43;1346.17,751.02;1334.95,784.27;1332.79,788.16;1328.76,788.16;1323.14,792.62;1320.70,796.22;1324.87,797.52;1325.74,799.25;1319.40,804.72;1320.26,809.18;1312.34,826.46;1310.90,829.06;1321.56,843.60;1337.26,844.03;1344.97,833.81;1349.27,822.91;1349.68,810.91;1350.67,795.61;1355.17,780.41;1357.57,780.31;1369.67,796.31;1380.07,809.60;1393.67,825.11;1396.87,825.71;1399.57,815.21;1381.07,794.60;1368.88,777.50;1357.98,763.01;1363.76,739.60;1378.69,737.10;1394.62,692.06;1413.53,632.10;1416.58,622.93;1416.13,610.84;1414.26,607.24;1421.75,599.75;1415.27,593.27;1412.96,591.83;1424.63,554.68;1432.69,540.13;1423.19,536.96;1414.40,532.07;1415.99,525.16",,1310.90,504.19,1432.69,844.03,
285b43e1e54183cc,aihub189_bbox_scooter_candidate,/home/ddobagi/Downloads/한이음 드림업 데이터셋/인도보행 영상/바운딩박스/Bbox_1_new.zip,Bbox_0047/0624_08.xml,Bbox_0047/MP_SEL_005059.jpg,train,3328,1872,1958.38,981.23,2023.35,1084.22,box,,,1958.38,981.23,2023.35,1084.22,
2b1fdd6d33aa4a99,aihub189_bbox_scooter_candidate,/home/ddobagi/Downloads/한이음 드림업 데이터셋/인도보행 영상/바운딩박스/Bbox_1_new.zip,Bbox_0086/0627_07.xml,Bbox_0086/MP_SEL_009938.jpg,train,3328,1872,807.51,892.10,844.00,971.68,box,,,807.51,892.10,844.00,971.68,
2ff13f90837c3ba6,aihub189_bbox_scooter_candidate,/home/ddobagi/Downloads/한이음 드림업 데이터셋/인도보행 영상/바운딩박스/Bbox_1_new.zip,Bbox_0058/0625_06.xml,Bbox_0058/MP_SEL_006210.jpg,val,1920,1080,1731.00,592.10,1811.40,696.79,box,,,1731.00,592.10,1811.40,696.79,
300fc718fd098771,aihub189_bbox_scooter_candidate,/home/ddobagi/Downloads/한이음 드림업 데이터셋/인도보행 영상/바운딩박스/Bbox_1_new.zip,Bbox_0007/0619_03.xml,Bbox_0007/MP_SEL_001068.jpg,train,3328,1872,761.03,954.95,809.29,1063.16,box,,,761.03,954.95,809.29,1063.16,
30fd4097f5dc4326,aihub189_bbox_scooter_candidate,/home/ddobagi/Downloads/한이음 드림업 데이터셋/인도보행 영상/바운딩박스/Bbox_1_new.zip,Bbox_0083/0627_04.xml,Bbox_0083/MP_SEL_009669.jpg,train,1920,1080,741.20,444.42,825.60,575.50,box,,,741.20,444.42,825.60,575.50,
351bb5f8bbf758a4,aihub189_bbox_scooter_candidate,/home/ddobagi/Downloads/한이음 드림업 데이터셋/인도보행 영상/바운딩박스/Bbox_1_new.zip,Bbox_0065/0625_13.xml,Bbox_0065/MP_SEL_007103.jpg,train,1920,1080,716.00,348.00,916.00,779.00,box,,,716.00,348.00,916.00,779.00,
358e7e14a7a00b2d,aihub189_bbox_scooter_candidate,/home/ddobagi/Downloads/한이음 드림업 데이터셋/인도보행 영상/바운딩박스/Bbox_1_new.zip,Bbox_0143/0702_20.xml,Bbox_0143/MP_SEL_020606.jpg,train,1920,1080,860.01,833.29,918.40,940.16,box,,,860.01,833.29,918.40,940.16,
36603fb1f27d9f8f,aihub189_bbox_scooter_candidate,/home/ddobagi/Downloads/한이음 드림업 데이터셋/인도보행 영상/바운딩박스/Bbox_1_new.zip,Bbox_0058/0625_06.xml,Bbox_0058/MP_SEL_006320.jpg,train,1920,1080,966.13,575.00,988.26,614.84,box,,,966.13,575.00,988.26,614.84,
36c7ec00e4aff746,aihub189_polygon_scooter_candidate,/home/ddobagi/Downloads/한이음 드림업 데이터셋/인도보행 영상/폴리곤세크멘테이션/Polygon_1_new.zip,Polygon_0271/P0920_07.xml,Polygon_0271/MP_TW_P001849.jpg,train,1920,1080,1051.97,765.21,1067.35,769.70,polygon,"1051.97,766.42;1057.50,769.70;1062.00,769.53;1065.28,767.28;1067.35,765.21",,1051.97,765.21,1067.35,769.70,
36de67b36d59ad26,aihub189_bbox_scooter_candidate,/home/ddobagi/Downloads/한이음 드림업 데이터셋/인도보행 영상/바운딩박스/Bbox_1_new.zip,Bbox_0131/0702_08.xml,Bbox_0131/MP_SEL_018187.jpg,train,1920,1080,291.60,634.80,397.80,766.10,box,,,291.60,634.80,397.80,766.10,
38b5d59f7825335a,aihub189_polygon_scooter_candidate,/home/ddobagi/Downloads/한이음 드림업 데이터셋/인도보행 영상/폴리곤세크멘테이션/Polygon_1_new.zip,Polygon_0298/P0921_06.xml,Polygon_0298/MP_TW_P003291.jpg,train,1920,1080,1107.05,484.69,1314.27,1007.14,polygon,"1107.05,522.06;1185.95,503.73;1209.29,498.79;1207.88,486.81;1226.14,484.69;1228.25,493.15;1274.86,485.40;1276.27,493.15;1235.30,501.61;1226.14,507.96;1204.28,512.89;1216.50,579.90;1224.80,589.20;1221.90,601.00;1236.90,615.70;1243.06,642.63;1247.29,706.79;1239.53,728.64;1243.06,799.86;1250.81,801.27;1264.28,824.53;1283.32,887.99;1296.01,931.70;1299.53,951.44;1314.27,950.74;1310.74,959.20;1298.12,964.84;1288.96,970.48;1289.66,993.75;1281.91,1007.14;1268.51,1006.44;1264.28,991.63;1261.46,974.01;1250.81,967.66;1242.35,945.10;1224.80,899.97;1215.63,923.95;1206.47,921.83;1206.47,917.60;1211.40,918.31;1221.98,896.45;1217.04,855.56;1217.75,801.27;1226.14,800.56;1214.93,751.91;1207.88,726.53;1203.58,693.39;1203.58,663.07;1194.83,612.45;1199.20,606.10;1191.38,591.44;1198.71,589.46;1188.91,515.50;1154.64,524.32;1153.16,518.96;1149.78,522.34;1110.08,530.66",,1107.05,484.69,1314.27,1007.14,
3b7b0cb767aa6858,aihub189_polygon_scooter_candidate,/home/ddobagi/Downloads/한이음 드림업 데이터셋/인도보행 영상/폴리곤세크멘테이션/Polygon_1_new.zip,Polygon_0298/P0921_06.xml,Polygon_0298/MP_TW_P003294.jpg,train,1920,1080,1575.36,702.67,1609.63,786.60,polygon,"1604.74,782.10;1603.64,780.50;1601.94,780.30;1600.84,782.70;1600.84,785.40;1599.14,786.60;1597.24,785.80;1596.14,781.70;1595.74,776.90;1596.64,774.90;1598.74,772.60;1599.64,768.20;1601.54,766.90;1593.07,730.61;1593.94,726.57;1590.77,712.89;1587.31,711.74;1576.23,715.49;1575.36,712.17;1585.59,709.01;1588.32,704.11;1592.93,702.67;1595.09,703.39;1595.95,706.85;1600.42,703.39;1600.85,706.13;1594.66,712.17;1597.68,726.57;1603.73,760.41;1606.18,766.61;1609.63,776.11;1607.76,778.56;1607.76,782.01;1607.47,783.60;1605.75,783.74",,1575.36,702.67,1609.63,786.60,
3f506dae92c5f49a,aihub189_bbox_scooter_candidate,/home/ddobagi/Downloads/한이음 드림업 데이터셋/인도보행 영상/바운딩박스/Bbox_1_new.zip,Bbox_0146/0702_23.xml,Bbox_0146/MP_SEL_021416.jpg,train,1920,1080,1041.16,421.60,1080.64,517.08,box,,,1041.16,421.60,1080.64,517.08,
3f6595b55f4133d4,aihub189_bbox_scooter_candidate,/home/ddobagi/Downloads/한이음 드림업 데이터셋/인도보행 영상/바운딩박스/Bbox_1_new.zip,Bbox_0137/0702_14.xml,Bbox_0137/MP_SEL_019701.jpg,train,1920,1080,1348.55,587.40,1533.97,1074.62,box,,,1348.55,587.40,1533.97,1074.62,
430b50589a376a32,aihub189_polygon_scooter_candidate,/home/ddobagi/Downloads/한이음 드림업 데이터셋/인도보행 영상/폴리곤세크멘테이션/Polygon_1_new.zip,Polygon_0298/P0921_06.xml,Polygon_0298/MP_TW_P003291.jpg,train,1920,1080,464.95,409.23,521.25,551.22,polygon,"489.92,418.53;464.95,420.49;466.90,416.08;490.41,412.16;490.41,409.23;498.24,410.20;496.77,415.59;521.25,421.47;519.29,424.89;497.26,418.53;493.83,448.89;493.83,448.89;490.41,494.91;488.45,514.99;490.90,521.84;491.39,529.19;491.88,536.53;491.88,544.36;487.47,551.22;480.61,550.73;479.63,543.87;477.19,536.53;476.21,529.19;479.14,522.33;482.57,515.97;486.00,491.48;483.55,490.01;485.51,447.91;488.94,446.44",,464.95,409.23,521.25,551.22,
4468889e0123c98f,aihub189_polygon_scooter_candidate,/home/ddobagi/Downloads/한이음 드림업 데이터셋/인도보행 영상/폴리곤세크멘테이션/Polygon_1_new.zip,Polygon_0297/P0921_05.xml,Polygon_0297/MP_TW_P003220.jpg,train,1920,1080,504.87,547.15,646.96,701.31,polygon,"641.67,658.92;646.37,666.92;646.96,674.22;641.96,679.32;636.26,681.52;627.37,681.62;618.46,671.72;609.96,669.62;547.45,678.03;540.37,676.71;523.08,668.77;523.38,692.06;517.11,701.31;509.34,697.13;507.55,691.16;511.13,666.38;511.43,663.09;506.36,659.51;509.64,654.14;512.63,655.93;517.70,659.51;516.51,651.75;517.40,646.97;525.77,566.05;525.77,555.90;520.69,556.20;513.27,556.39;511.35,557.11;509.55,554.95;507.15,555.91;504.87,551.35;507.39,547.87;512.07,547.15;513.63,550.51;533.35,548.54;548.53,548.79;551.17,550.38;551.17,551.68;538.47,552.78;536.37,556.08;536.17,560.68;533.27,560.58;529.67,559.88;527.47,599.58;525.87,615.78;522.97,643.58;525.56,654.67;548.32,669.21;617.72,661.15;622.62,655.10;635.44,652.51;642.06,657.26",,504.87,547.15,646.96,701.31,
4772293feced4f16,aihub189_polygon_scooter_candidate,/home/ddobagi/Downloads/한이음 드림업 데이터셋/인도보행 영상/폴리곤세크멘테이션/Polygon_1_new.zip,Polygon_0271/P0920_07.xml,Polygon_0271/MP_TW_P001850.jpg,train,1920,1080,688.36,456.06,759.97,580.81,polygon,"694.99,457.42;722.53,456.06;722.53,461.84;715.73,461.84;712.67,521.68;709.61,536.30;712.33,552.62;722.87,562.83;741.91,561.13;746.67,552.28;750.41,551.26;757.21,551.26;754.49,553.98;757.66,557.45;759.97,566.19;756.40,572.07;752.59,573.30;747.39,571.53;745.21,568.27;744.40,566.77;721.44,569.63;709.27,567.45;705.57,577.96;699.45,580.68;695.60,580.81;690.26,577.55;688.36,573.71;689.31,566.19;693.43,559.39;695.74,554.05;696.69,541.88;693.29,538.62;695.47,533.28;696.96,530.83;705.57,486.69;707.64,463.71;694.79,462.89",,688.36,456.06,759.97,580.81,
4790917a470a1b65,aihub189_bbox_scooter_candidate,/home/ddobagi/Downloads/한이음 드림업 데이터셋/인도보행 영상/바운딩박스/Bbox_1_new.zip,Bbox_0029/0621_03.xml,Bbox_0029/MP_SEL_003278.jpg,train,1920,1080,464.38,499.25,568.33,630.83,box,,,464.38,499.25,568.33,630.83,
48d4f79fbd239bd2,aihub189_polygon_scooter_candidate,/home/ddobagi/Downloads/한이음 드림업 데이터셋/인도보행 영상/폴리곤세크멘테이션/Polygon_1_new.zip,Polygon_0299/P0921_07.xml,Polygon_0299/MP_TW_P003305.jpg,train,1920,1080,621.40,444.42,653.65,510.52,polygon,"640.55,500.58;645.16,500.73;648.18,494.82;650.77,494.53;653.65,500.87;652.93,506.20;648.18,507.21;646.74,505.62;646.17,503.17;634.65,504.47;632.92,509.65;629.32,510.52;627.16,507.21;629.03,500.73;631.19,494.10;630.18,485.17;629.17,476.68;630.80,457.20;632.20,455.80;633.50,448.20;621.40,446.29;622.12,444.42;650.77,447.45;649.91,449.61;637.09,449.17;635.94,456.95;636.81,459.69;635.22,479.13;634.21,490.79;635.37,494.10",,621.40,444.42,653.65,510.52,
4aea57d0ab513cdb,aihub189_polygon_scooter_candidate,/home/ddobagi/Downloads/한이음 드림업 데이터셋/인도보행 영상/폴리곤세크멘테이션/Polygon_1_new.zip,Polygon_0253/P0919_19.xml,Polygon_0253/MP_TW_P000949.jpg,train,1920,1080,1205.44,653.05,1273.84,747.23,polygon,"1225.14,714.13;1218.54,713.53;1214.64,713.63;1208.04,717.03;1205.44,729.33;1208.34,741.83;1214.24,747.23;1225.14,746.63;1231.94,744.53;1232.84,741.33;1234.14,734.43;1254.44,734.23;1260.44,743.43;1266.44,745.83;1271.14,742.03;1273.54,736.03;1273.84,731.63;1273.84,724.33;1269.94,713.93;1265.64,711.33;1259.44,711.63;1256.14,714.83;1254.04,708.93;1253.04,708.23;1248.34,709.13;1242.64,705.53;1241.64,696.93;1241.68,680.75;1240.58,677.15;1236.88,675.85;1233.68,673.55;1232.58,669.55;1236.78,664.45;1239.58,663.95;1238.38,653.05;1235.98,654.75;1231.18,656.25;1231.98,701.55;1231.78,703.15;1228.48,710.55",,1205.44,653.05,1273.84,747.23,
4b4bcc2a73dfccc0,aihub189_polygon_scooter_candidate,/home/ddobagi/Downloads/한이음 드림업 데이터셋/인도보행 영상/폴리곤세크멘테이션/Polygon_1_new.zip,Polygon_0278/P0920_14.xml,Polygon_0278/MP_TW_P002184.jpg,train,1920,1080,340.66,383.97,520.75,698.10,polygon,"373.45,658.20;420.35,665.10;440.15,663.60;447.55,675.10;451.75,683.70;455.15,685.40;460.25,683.40;459.85,681.80;454.45,682.40;450.85,677.60;444.95,664.70;449.35,663.60;460.35,656.40;461.35,655.90;462.05,665.10;458.55,665.90;459.85,675.00;462.85,676.50;464.75,688.10;467.45,695.00;469.95,697.60;475.75,698.10;479.75,696.80;483.35,692.60;486.35,688.10;487.65,674.10;491.45,671.80;490.45,661.50;486.95,660.40;484.05,644.00;483.85,641.30;479.55,640.10;478.25,619.90;477.05,582.90;476.25,579.20;483.05,578.00;481.25,569.40;476.56,521.98;475.76,512.58;476.76,495.88;472.46,474.08;470.26,467.68;473.36,465.98;472.36,461.08;468.56,460.68;465.55,429.77;466.15,409.97;474.25,408.57;483.75,409.77;486.75,411.47;493.05,409.47;504.95,410.27;506.65,411.47;520.65,410.97;520.35,408.07;520.75,404.87;519.55,402.67;487.55,401.87;487.15,400.47;482.15,400.77;481.05,402.97;477.85,400.77;475.65,400.07;472.25,399.37;472.65,396.77;471.75,396.47;472.45,386.27;468.55,383.97;454.75,384.37;448.75,389.47;447.65,393.47;442.35,393.07;440.05,393.97;435.85,397.37;432.66,401.27;402.75,399.87;400.46,402.87;403.75,407.37;427.25,407.67;427.66,411.87;431.05,413.37;429.05,419.07;431.85,418.77;432.46,418.67;435.46,420.47;436.66,422.27;439.75,422.07;438.35,412.37;438.25,407.27;450.05,407.57;452.66,411.47;455.69,461.28;450.09,462.18;450.99,467.78;452.69,468.18;453.59,473.58;449.69,477.08;444.39,481.38;443.39,488.48;445.39,493.08;446.89,494.38;446.99,499.88;445.39,502.48;444.59,518.58;445.39,527.98;449.99,536.48;449.39,540.88;450.59,543.98;449.49,546.98;448.59,551.98;450.39,554.18;453.39,556.98;454.89,574.98;455.19,580.28;461.99,578.48;462.89,580.18;463.46,609.07;452.36,625.27;448.26,626.27;431.56,646.47;425.96,653.27;376.46,647.97;374.86,633.67;370.66,622.97;361.26,617.97;353.06,618.87;344.46,626.97;345.76,628.37;350.86,627.27;342.36,641.07;340.66,657.07;346.76,669.27;351.86,675.37;361.76,676.07;368.46,670.37;371.76,663.47",,340.66,383.97,520.75,698.10,
4c92741f8a3f20f1,aihub189_bbox_scooter_candidate,/home/ddobagi/Downloads/한이음 드림업 데이터셋/인도보행 영상/바운딩박스/Bbox_1_new.zip,Bbox_0126/0702_03.xml,Bbox_0126/MP_SEL_016703.jpg,train,1920,1080,1431.55,570.60,1487.08,633.40,box,,,1431.55,570.60,1487.08,633.40,
4e085b7c1ec8d984,aihub189_bbox_scooter_candidate,/home/ddobagi/Downloads/한이음 드림업 데이터셋/인도보행 영상/바운딩박스/Bbox_1_new.zip,Bbox_0130/0702_07.xml,Bbox_0130/MP_SEL_017770.jpg,train,1920,1080,739.19,312.19,824.17,518.70,box,,,739.19,312.19,824.17,518.70,
503ac8e2d08fab83,aihub189_bbox_scooter_candidate,/home/ddobagi/Downloads/한이음 드림업 데이터셋/인도보행 영상/바운딩박스/Bbox_1_new.zip,Bbox_0057/0625_05.xml,Bbox_0057/MP_SEL_006186.jpg,train,1920,1080,996.40,305.72,1058.04,427.80,box,,,996.40,305.72,1058.04,427.80,
53cdbe67e1d4774a,aihub189_bbox_scooter_candidate,/home/ddobagi/Downloads/한이음 드림업 데이터셋/인도보행 영상/바운딩박스/Bbox_1_new.zip,Bbox_0126/0702_03.xml,Bbox_0126/MP_SEL_016622.jpg,train,1920,1080,629.90,522.19,737.27,714.10,box,,,629.90,522.19,737.27,714.10,
5411689417d1a171,aihub189_polygon_scooter_candidate,/home/ddobagi/Downloads/한이음 드림업 데이터셋/인도보행 영상/폴리곤세크멘테이션/Polygon_1_new.zip,Polygon_0001/P0813_14.xml,Polygon_0001/MP_SEL_P000258.jpg,train,1920,1080,1020.93,768.85,1127.74,889.41,polygon,"1028.86,769.91;1025.16,778.37;1020.93,789.47;1021.98,800.05;1021.98,810.09;1025.16,818.03;1030.44,821.20;1032.56,830.72;1036.79,839.18;1044.72,848.70;1052.13,850.81;1057.41,843.41;1061.11,835.48;1063.76,831.77;1083.85,842.35;1082.80,852.93;1082.27,858.74;1087.55,865.62;1091.26,868.79;1096.54,880.95;1100.77,887.83;1111.35,889.41;1116.64,889.41;1124.04,880.42;1124.57,875.14;1125.63,863.50;1125.63,857.16;1127.74,842.88;1127.74,837.06;1126.16,826.49;1121.40,820.14;1112.41,809.04;1113.99,811.15;1072.22,819.08;1053.18,816.97;1043.66,805.33;1039.43,796.35;1037.85,782.07;1036.79,772.02;1033.09,768.85",,1020.93,768.85,1127.74,889.41,
54b4fd41c100636c,aihub189_bbox_scooter_candidate,/home/ddobagi/Downloads/한이음 드림업 데이터셋/인도보행 영상/바운딩박스/Bbox_1_new.zip,Bbox_0084/0627_05.xml,Bbox_0084/MP_SEL_009703.jpg,train,1920,1080,736.62,530.55,777.50,583.30,box,,,736.62,530.55,777.50,583.30,
5635f873c93c1eeb,aihub189_bbox_scooter_candidate,/home/ddobagi/Downloads/한이음 드림업 데이터셋/인도보행 영상/바운딩박스/Bbox_1_new.zip,Bbox_0020/0620_06.xml,Bbox_0020/MP_SEL_002364.jpg,train,1920,1080,772.60,348.44,801.13,403.65,box,,,772.60,348.44,801.13,403.65,
568564e5785ddf1f,aihub189_bbox_scooter_candidate,/home/ddobagi/Downloads/한이음 드림업 데이터셋/인도보행 영상/바운딩박스/Bbox_1_new.zip,Bbox_0128/0702_05.xml,Bbox_0128/MP_SEL_017135.jpg,train,1920,1080,949.75,544.56,990.52,613.97,box,,,949.75,544.56,990.52,613.97,
581c7a5041d278fd,aihub189_bbox_scooter_candidate,/home/ddobagi/Downloads/한이음 드림업 데이터셋/인도보행 영상/바운딩박스/Bbox_1_new.zip,Bbox_0047/0624_08.xml,Bbox_0047/MP_SEL_005069.jpg,train,3328,1872,1490.13,947.34,1565.45,1059.26,box,,,1490.13,947.34,1565.45,1059.26,
59cdbdc115571492,aihub189_polygon_scooter_candidate,/home/ddobagi/Downloads/한이음 드림업 데이터셋/인도보행 영상/폴리곤세크멘테이션/Polygon_1_new.zip,Polygon_0244/P0919_10.xml,Polygon_0244/MP_TW_P000490.jpg,train,1920,1080,335.38,545.24,768.70,835.54,polygon,"335.38,700.20;336.36,689.43;335.38,675.23;338.37,669.85;349.92,665.54;355.21,651.44;362.26,640.86;375.78,628.52;387.53,615.01;388.70,605.61;397.52,593.27;405.74,590.92;416.32,592.68;419.26,589.16;413.97,582.69;409.27,571.53;406.33,566.24;402.22,564.48;391.64,559.78;390.47,549.20;395.17,546.26;420.43,546.90;429.83,545.73;445.11,545.73;456.27,547.49;466.80,549.35;469.25,551.36;475.37,549.74;477.81,547.29;489.27,545.24;500.68,546.07;509.64,549.35;517.43,552.58;523.11,554.25;527.22,556.69;529.67,564.04;527.22,566.49;518.65,567.71;506.41,567.27;497.01,567.27;487.61,568.10;482.71,572.17;480.26,581.57;471.69,592.19;468.85,597.87;468.46,601.15;463.03,621.03;467.14,658.05;476.54,686.25;485.36,720.33;500.63,717.39;507.09,712.69;507.68,703.29;510.03,694.48;512.38,683.31;514.15,672.74;514.15,662.16;521.78,645.71;533.53,629.26;535.88,623.38;554.10,618.09;584.06,616.92;610.50,615.16;628.13,606.93;654.57,598.12;682.19,591.65;711.56,590.48;730.95,588.13;749.75,590.48;743.29,599.29;750.93,606.93;749.17,612.81;714.40,644.48;694.67,660.69;681.30,678.32;690.46,687.47;713.72,688.21;736.98,690.31;753.18,700.16;759.55,705.10;763.76,711.47;758.86,722.73;764.49,738.25;768.70,769.29;760.23,790.44;739.81,808.75;723.61,819.33;684.83,821.44;669.99,814.39;656.63,801.70;651.68,791.13;617.11,782.66;608.64,786.18;600.22,812.97;591.75,824.96;578.34,835.54;576.96,830.59;586.12,816.49;588.91,805.91;586.12,796.76;536.03,793.97;509.25,790.44;496.57,789.71;491.52,780.94;483.00,762.93;481.00,761.90;469.39,770.07;451.03,761.55;466.01,741.82;454.12,730.27;447.31,729.92;396.98,729.24;349.14,730.81;358.64,704.61;336.56,702.95",,335.38,545.24,768.70,835.54,
5b25b408e3140b05,aihub189_bbox_scooter_candidate,/home/ddobagi/Downloads/한이음 드림업 데이터셋/인도보행 영상/바운딩박스/Bbox_1_new.zip,Bbox_0109/0628_17.xml,Bbox_0109/MP_SEL_013228.jpg,train,1920,1080,1003.88,98.12,1180.69,442.49,box,,,1003.88,98.12,1180.69,442.49,
5b5a8a312ade324c,aihub189_polygon_scooter_candidate,/home/ddobagi/Downloads/한이음 드림업 데이터셋/인도보행 영상/폴리곤세크멘테이션/Polygon_1_new.zip,Polygon_0206/P0918_02.xml,Polygon_0206/MP_SEL_213771_P008068.jpg,train,1920,1080,787.60,525.56,822.35,620.70,polygon,"805.90,618.80;804.49,614.80;803.31,610.67;803.11,606.54;803.50,604.57;805.08,600.63;811.96,599.06;812.95,596.50;813.93,589.02;811.96,584.50;809.41,572.89;805.47,572.10;804.88,570.72;806.45,557.54;803.84,547.70;803.66,540.64;803.35,533.93;800.22,534.91;795.79,535.23;791.36,535.56;787.60,533.43;788.25,532.12;791.85,531.29;795.30,530.64;798.92,529.81;800.89,527.53;803.84,525.88;805.14,525.56;807.44,526.21;807.77,529.66;818.75,527.69;819.74,528.02;820.39,529.99;817.28,530.31;812.20,531.47;808.09,532.61;806.45,534.58;805.63,541.46;807.60,547.86;810.39,562.28;815.47,586.23;816.94,593.61;818.42,596.89;820.56,599.18;821.70,602.95;822.35,607.38;820.88,612.30;819.58,615.09;818.26,616.57;814.48,616.89;812.85,618.05;810.72,619.68;808.76,620.66;808.42,620.66;807.20,620.70",,787.60,525.56,822.35,620.70,
5cb7d4e2b43a0915,aihub189_bbox_scooter_candidate,/home/ddobagi/Downloads/한이음 드림업 데이터셋/인도보행 영상/바운딩박스/Bbox_1_new.zip,Bbox_0076/0626_11.xml,Bbox_0076/MP_SEL_008730.jpg,train,1920,1080,879.09,671.21,949.45,739.74,box,,,879.09,671.21,949.45,739.74,
5d46d45ebc214bf1,aihub189_polygon_scooter_candidate,/home/ddobagi/Downloads/한이음 드림업 데이터셋/인도보행 영상/폴리곤세크멘테이션/Polygon_1_new.zip,Polygon_0253/P0919_19.xml,Polygon_0253/MP_TW_P000950.jpg,train,1920,1080,1345.83,667.53,1444.50,808.64,polygon,"1346.40,672.53;1375.61,672.73;1378.50,669.03;1388.71,668.23;1394.90,669.63;1437.00,667.53;1442.61,670.03;1443.90,674.33;1444.50,677.53;1442.11,682.13;1437.30,683.03;1434.11,682.83;1430.61,681.03;1397.00,682.03;1390.90,685.33;1390.90,685.93;1391.22,743.83;1393.71,748.18;1394.07,780.27;1392.92,807.48;1386.44,807.34;1380.53,808.64;1378.09,682.64;1366.28,682.06;1361.53,684.08;1352.89,684.51;1345.83,683.07;1348.57,677.60",,1345.83,667.53,1444.50,808.64,
5dd03f0d5d1f6261,aihub189_polygon_scooter_candidate,/home/ddobagi/Downloads/한이음 드림업 데이터셋/인도보행 영상/폴리곤세크멘테이션/Polygon_1_new.zip,Polygon_0149/P0916_05.xml,Polygon_0149/MP_KSC_P000618.jpg,train,1920,1080,976.39,479.26,1018.89,551.68,polygon,"1005.90,480.05;987.40,482.02;985.24,485.17;996.85,487.33;1000.98,537.70;997.64,538.69;999.41,543.02;989.18,544.00;983.67,540.46;979.73,540.46;976.39,544.59;977.57,548.33;982.88,550.30;990.36,550.30;995.87,550.89;999.21,550.10;1005.51,547.35;1008.26,545.77;1011.80,548.33;1014.95,551.68;1017.71,549.31;1018.89,541.84;1017.31,539.28;1013.18,536.92;1012.39,541.05;1010.03,540.66;1005.90,533.38;1000.19,485.56;1008.46,484.58;1010.62,479.26",,976.39,479.26,1018.89,551.68,
5ee682f73408055f,aihub189_polygon_scooter_candidate,/home/ddobagi/Downloads/한이음 드림업 데이터셋/인도보행 영상/폴리곤세크멘테이션/Polygon_1_new.zip,Polygon_0298/P0921_06.xml,Polygon_0298/MP_TW_P003292.jpg,train,1920,1080,1226.60,538.60,1484.90,1080.00,polygon,"1397.34,1078.00;1395.28,1057.88;1391.67,1055.30;1389.09,1028.47;1389.09,1023.31;1390.63,1000.61;1395.28,990.29;1396.52,986.78;1391.31,938.74;1389.55,921.09;1381.09,916.61;1372.88,907.63;1369.89,887.50;1366.90,868.05;1366.69,856.39;1367.16,852.16;1371.90,849.68;1367.16,806.13;1359.47,748.86;1357.46,731.73;1358.44,727.24;1357.71,709.54;1350.23,700.62;1349.25,694.12;1352.97,690.40;1356.73,688.90;1341.31,591.38;1339.04,583.90;1314.17,589.63;1311.95,593.86;1296.26,599.85;1292.03,598.35;1229.34,611.30;1226.60,603.56;1229.55,591.38;1288.06,579.16;1288.78,575.18;1305.96,572.71;1308.95,574.92;1314.17,574.20;1310.19,570.95;1328.87,565.74;1333.83,569.25;1365.20,561.51;1370.92,558.52;1368.91,549.07;1371.90,544.07;1383.62,543.35;1390.79,544.33;1399.51,544.59;1395.28,552.07;1459.00,538.60;1464.47,540.61;1467.93,546.86;1465.97,555.52;1415.45,566.72;1406.99,571.73;1391.82,574.92;1388.31,572.45;1371.90,576.68;1387.33,681.94;1394.56,680.44;1398.53,691.17;1397.03,697.88;1398.53,709.80;1412.72,721.26;1424.17,739.93;1425.41,749.63;1422.42,758.10;1429.13,774.76;1435.37,795.92;1437.07,817.07;1435.37,835.75;1433.10,847.93;1433.41,856.08;1438.21,855.51;1439.60,856.96;1436.04,860.11;1432.74,862.27;1431.71,866.45;1428.40,867.74;1426.65,866.30;1425.36,873.78;1426.08,883.58;1428.09,884.05;1428.66,895.40;1426.80,897.41;1426.96,899.99;1425.10,900.46;1424.38,898.86;1417.31,901.02;1417.10,907.52;1415.87,909.33;1420.72,947.31;1424.48,962.42;1432.33,987.09;1440.01,987.09;1464.26,1038.48;1484.90,1080.00;1447.08,1080.00",,1226.60,538.60,1484.90,1080.00,
61c179a89064ee14,aihub189_polygon_scooter_candidate,/home/ddobagi/Downloads/한이음 드림업 데이터셋/인도보행 영상/폴리곤세크멘테이션/Polygon_1_new.zip,Polygon_0298/P0921_06.xml,Polygon_0298/MP_TW_P003293.jpg,train,1920,1080,1223.87,733.84,1260.65,827.33,polygon,"1254.20,818.40;1250.86,820.04;1250.63,822.77;1249.84,826.87;1248.24,827.33;1246.31,827.33;1245.62,826.64;1243.12,818.45;1243.80,814.12;1242.78,812.64;1243.80,811.16;1245.28,810.70;1247.22,810.59;1248.13,810.48;1249.15,809.91;1248.70,806.95;1249.72,803.53;1250.97,802.62;1251.54,799.32;1239.82,738.28;1223.87,740.79;1224.10,737.03;1233.78,736.35;1242.09,733.95;1248.47,734.07;1249.95,735.32;1252.34,734.64;1255.42,734.64;1258.15,733.84;1259.63,735.21;1258.83,736.80;1256.90,736.91;1254.96,736.91;1253.37,737.26;1251.54,737.60;1249.61,738.17;1249.15,738.17;1250.97,769.60;1254.85,799.20;1260.65,813.09;1259.74,816.74;1259.63,818.79;1259.86,820.50;1259.40,822.20;1258.03,822.66;1255.76,822.09;1254.85,820.72",,1223.87,733.84,1260.65,827.33,
63f380759013c8d6,aihub189_bbox_scooter_candidate,/home/ddobagi/Downloads/한이음 드림업 데이터셋/인도보행 영상/바운딩박스/Bbox_1_new.zip,Bbox_0060/0625_08.xml,Bbox_0060/MP_SEL_006530.jpg,train,1920,1080,1506.44,395.77,1610.22,592.75,box,,,1506.44,395.77,1610.22,592.75,
647a6dd4c314bda9,aihub189_polygon_scooter_candidate,/home/ddobagi/Downloads/한이음 드림업 데이터셋/인도보행 영상/폴리곤세크멘테이션/Polygon_1_new.zip,Polygon_0272/P0920_08.xml,Polygon_0272/MP_TW_P001896.jpg,train,1920,1080,583.08,544.55,670.83,783.00,polygon,"614.03,544.55;670.83,557.28;670.83,563.65;670.83,564.63;669.36,566.58;634.59,563.16;641.94,698.29;645.37,696.83;649.28,696.34;649.28,700.25;649.28,703.68;645.86,709.56;647.32,713.47;650.26,732.08;639.49,755.58;642.92,764.88;635.57,765.37;631.66,757.05;625.78,760.97;623.82,775.66;616.97,783.00;608.15,783.00;606.20,780.06;604.24,770.76;602.77,762.93;600.32,762.44;597.87,762.93;583.08,778.74;584.06,768.95;594.84,752.30;598.26,744.47;604.63,735.16;627.64,734.18;627.15,723.90;627.15,719.50;630.09,715.58;632.05,716.56;630.09,563.30;629.01,558.06;612.95,553.81",,583.08,544.55,670.83,783.00,
657e4f1ff710de34,aihub189_polygon_scooter_candidate,/home/ddobagi/Downloads/한이음 드림업 데이터셋/인도보행 영상/폴리곤세크멘테이션/Polygon_1_new.zip,Polygon_0299/P0921_07.xml,Polygon_0299/MP_TW_P003314.jpg,train,1920,1080,2.17,369.03,60.85,469.81,polygon,"5.28,370.27;25.60,372.14;26.01,369.03;37.00,369.24;37.00,372.97;53.20,376.50;52.56,380.43;35.76,379.19;26.84,425.02;26.84,433.73;26.43,443.06;39.29,453.01;49.03,449.48;56.50,444.72;60.64,449.48;60.85,454.67;60.23,462.96;54.01,465.04;47.99,458.19;26.43,457.36;23.53,465.66;17.51,469.81;13.16,460.89;4.03,461.72;2.17,457.57;3.41,447.20;12.33,442.85;18.13,448.03;18.96,426.88;18.96,405.94;23.94,376.08;5.28,375.25",,2.17,369.03,60.85,469.81,
6750874b04c80fe7,aihub189_polygon_scooter_candidate,/home/ddobagi/Downloads/한이음 드림업 데이터셋/인도보행 영상/폴리곤세크멘테이션/Polygon_1_new.zip,Polygon_0297/P0921_05.xml,Polygon_0297/MP_TW_P003221.jpg,train,1920,1080,902.70,525.40,1113.08,689.01,polygon,"1108.50,634.94;1111.33,646.66;1107.35,660.46;1099.29,665.58;1088.32,668.30;1088.22,655.66;1069.66,656.37;1037.77,657.16;997.24,663.57;992.51,669.88;974.20,669.88;956.89,649.60;952.16,645.87;950.41,664.76;945.68,685.04;942.74,685.61;938.48,689.01;928.77,685.11;929.37,659.09;938.98,645.08;939.91,640.78;950.90,552.00;953.20,533.20;903.10,537.70;902.70,529.10;960.50,525.40;960.90,536.00;959.76,552.71;950.80,632.72;965.42,644.69;1015.30,644.98;1060.09,642.90;1078.00,634.23;1080.55,628.14;1103.12,624.55;1112.37,625.63;1113.08,631.00",,902.70,525.40,1113.08,689.01,
68612c2c54471558,aihub189_bbox_scooter_candidate,/home/ddobagi/Downloads/한이음 드림업 데이터셋/인도보행 영상/바운딩박스/Bbox_1_new.zip,Bbox_0047/0624_08.xml,Bbox_0047/MP_SEL_005059.jpg,train,3328,1872,1567.58,1007.27,1635.25,1095.23,box,,,1567.58,1007.27,1635.25,1095.23,
6c11c0afa8eb6fc9,aihub189_polygon_scooter_candidate,/home/ddobagi/Downloads/한이음 드림업 데이터셋/인도보행 영상/폴리곤세크멘테이션/Polygon_1_new.zip,Polygon_0299/P0921_07.xml,Polygon_0299/MP_TW_P003306.jpg,train,1920,1080,886.30,464.30,914.32,530.17,polygon,"895.66,464.33;903.30,464.30;902.30,467.50;914.32,467.44;914.32,469.00;900.60,469.90;897.73,506.15;897.21,515.48;902.22,520.32;906.37,518.25;908.45,514.62;911.21,516.52;911.73,523.60;910.00,526.89;905.85,526.37;904.47,522.39;897.90,522.39;896.00,527.40;891.51,530.17;889.26,527.92;888.92,520.15;893.58,512.37;894.97,470.03;886.30,469.00;887.10,466.10;895.10,467.00",,886.30,464.30,914.32,530.17,
70692e927fe26e8c,aihub189_bbox_scooter_candidate,/home/ddobagi/Downloads/한이음 드림업 데이터셋/인도보행 영상/바운딩박스/Bbox_1_new.zip,Bbox_0101/0628_09.xml,Bbox_0101/MP_SEL_011810.jpg,train,1920,1080,381.11,669.65,459.06,832.70,box,,,381.11,669.65,459.06,832.70,
70cf14ace785e21d,aihub189_bbox_scooter_candidate,/home/ddobagi/Downloads/한이음 드림업 데이터셋/인도보행 영상/바운딩박스/Bbox_1_new.zip,Bbox_0113/0701_04.xml,Bbox_0113/MP_SEL_013820.jpg,train,1920,1080,1229.48,773.66,1593.53,1080.00,box,,,1229.48,773.66,1593.53,1080.00,
710dbbb79cdf679f,aihub189_polygon_scooter_candidate,/home/ddobagi/Downloads/한이음 드림업 데이터셋/인도보행 영상/폴리곤세크멘테이션/Polygon_1_new.zip,Polygon_0272/P0920_08.xml,Polygon_0272/MP_TW_P001882.jpg,train,1920,1080,1215.23,515.03,1390.94,896.69,polygon,"1297.43,515.03;1310.40,520.19;1321.08,521.27;1321.92,525.11;1338.95,528.47;1345.08,528.11;1350.00,531.71;1350.48,535.43;1372.43,545.03;1370.27,551.27;1358.40,551.51;1345.67,547.67;1336.31,590.02;1329.14,625.55;1336.91,642.28;1341.08,664.97;1324.07,699.61;1307.64,710.36;1304.06,705.58;1279.27,780.23;1283.45,797.84;1295.10,812.47;1320.78,845.03;1390.94,847.72;1387.18,852.82;1381.27,853.51;1380.67,860.41;1365.77,869.52;1331.58,869.02;1308.37,852.42;1288.07,829.12;1284.07,825.61;1280.87,828.52;1279.78,834.71;1271.57,835.72;1278.89,847.54;1282.62,861.64;1281.37,869.10;1274.53,883.00;1267.69,888.60;1257.32,894.61;1251.72,896.69;1234.31,895.44;1222.90,886.32;1215.23,872.42;1217.92,850.64;1228.08,839.66;1224.55,833.86;1232.02,831.16;1244.88,827.63;1247.36,826.60;1246.96,821.62;1250.89,819.96;1262.71,775.16;1255.74,774.11;1248.77,769.38;1248.52,757.68;1259.71,718.62;1262.70,716.14;1277.14,719.87;1311.60,610.45;1324.06,562.90;1323.04,560.30;1327.36,546.91;1323.47,543.74;1315.26,535.39;1311.80,534.24;1306.19,531.07;1301.72,528.34;1290.49,526.03;1287.32,523.87;1292.65,515.95",,1215.23,515.03,1390.94,896.69,
72d6975ef7a3f79d,aihub189_polygon_scooter_candidate,/home/ddobagi/Downloads/한이음 드림업 데이터셋/인도보행 영상/폴리곤세크멘테이션/Polygon_1_new.zip,Polygon_0293/P0921_01.xml,Polygon_0293/MP_TW_P003047.jpg,train,1920,1080,463.54,102.85,539.89,203.68,polygon,"463.54,102.85;478.25,104.25;482.15,104.05;504.25,106.85;504.75,110.55;487.04,106.85;482.52,174.99;498.42,190.37;519.67,186.74;525.72,184.15;526.24,178.28;531.25,176.55;537.29,180.52;539.71,185.02;539.89,189.16;537.47,193.31;534.88,194.87;529.69,193.66;526.06,190.20;496.00,193.14;483.55,184.67;483.73,200.22;480.10,203.68;476.82,203.33;474.40,194.00;478.37,164.80;480.47,107.48;464.09,105.40",,463.54,102.85,539.89,203.68,
74c9d3e988d017dd,aihub189_bbox_scooter_candidate,/home/ddobagi/Downloads/한이음 드림업 데이터셋/인도보행 영상/바운딩박스/Bbox_1_new.zip,Bbox_0147/0702_24.xml,Bbox_0147/MP_SEL_021779.jpg,train,1920,1080,1848.82,358.05,1920.00,444.02,box,,,1848.82,358.05,1920.00,444.02,
78b9088dee92a54c,aihub189_polygon_scooter_candidate,/home/ddobagi/Downloads/한이음 드림업 데이터셋/인도보행 영상/폴리곤세크멘테이션/Polygon_1_new.zip,Polygon_0272/P0920_08.xml,Polygon_0272/MP_TW_P001882.jpg,train,1920,1080,1420.34,791.28,1600.94,856.06,polygon,"1580.30,798.72;1594.70,804.24;1600.34,807.36;1600.94,801.60;1591.58,797.40;1577.54,793.20;1565.42,791.28;1558.34,793.08;1555.58,793.68;1541.90,804.60;1533.74,814.80;1487.54,814.44;1423.58,812.64;1420.34,826.44;1430.78,833.52;1470.14,835.56;1471.62,835.76;1472.62,833.86;1486.42,820.96;1499.32,819.25;1518.52,822.36;1530.42,826.45;1535.52,835.86;1543.02,837.96;1548.02,847.66;1560.02,856.06;1589.62,854.56;1597.32,840.96;1599.42,825.25;1595.82,812.96",,1420.34,791.28,1600.94,856.06,
7941a4e6c70fd693,aihub189_bbox_scooter_candidate,/home/ddobagi/Downloads/한이음 드림업 데이터셋/인도보행 영상/바운딩박스/Bbox_1_new.zip,Bbox_0047/0624_08.xml,Bbox_0047/MP_SEL_005063.jpg,val,3328,1872,190.71,877.88,283.29,1041.95,box,,,190.71,877.88,283.29,1041.95,
7b2cde469b2d814a,aihub189_bbox_scooter_candidate,/home/ddobagi/Downloads/한이음 드림업 데이터셋/인도보행 영상/바운딩박스/Bbox_1_new.zip,Bbox_0038/0621_12.xml,Bbox_0038/MP_SEL_004191.jpg,train,1920,1080,1677.20,520.71,1751.44,629.22,box,,,1677.20,520.71,1751.44,629.22,
7b554131a4518c0c,aihub189_polygon_scooter_candidate,/home/ddobagi/Downloads/한이음 드림업 데이터셋/인도보행 영상/폴리곤세크멘테이션/Polygon_1_new.zip,Polygon_0293/P0921_01.xml,Polygon_0293/MP_TW_P003046.jpg,train,1920,1080,557.84,116.42,625.13,210.75,polygon,"564.74,116.97;578.29,119.36;570.68,187.96;579.86,198.95;603.64,196.65;607.74,196.65;614.46,190.42;619.71,190.42;623.98,192.88;625.13,200.43;623.98,205.51;619.22,208.29;614.30,206.66;609.87,201.90;590.19,203.71;577.73,202.56;569.37,193.54;568.22,206.17;566.58,209.93;564.94,210.75;560.67,206.66;569.89,130.11;568.94,121.85;558.54,119.72;557.84,116.42",,557.84,116.42,625.13,210.75,
7b798168667bbf58,aihub189_bbox_scooter_candidate,/home/ddobagi/Downloads/한이음 드림업 데이터셋/인도보행 영상/바운딩박스/Bbox_1_new.zip,Bbox_0018/0620_04.xml,Bbox_0018/MP_SEL_002113.jpg,train,1920,1080,270.40,513.15,366.10,680.70,box,,,270.40,513.15,366.10,680.70,
7c28782fbadb8257,aihub189_polygon_scooter_candidate,/home/ddobagi/Downloads/한이음 드림업 데이터셋/인도보행 영상/폴리곤세크멘테이션/Polygon_1_new.zip,Polygon_0299/P0921_07.xml,Polygon_0299/MP_TW_P003305.jpg,train,1920,1080,657.25,442.98,684.95,510.32,polygon,"672.27,497.07;675.01,500.38;677.75,499.66;679.91,494.04;682.07,493.61;684.95,498.51;684.95,504.99;682.07,508.16;677.75,506.43;676.74,503.40;669.54,503.40;668.10,510.20;663.63,510.32;661.76,503.26;664.50,497.21;665.07,489.44;665.36,481.95;663.63,471.58;664.74,455.94;668.05,453.93;668.63,444.85;657.25,444.57;658.26,442.98;683.61,444.13;683.61,445.43;671.08,445.43;670.36,456.52;670.36,466.31;669.78,479.41;668.49,492.23",,657.25,442.98,684.95,510.32,
7ca59759d1644703,aihub189_bbox_scooter_candidate,/home/ddobagi/Downloads/한이음 드림업 데이터셋/인도보행 영상/바운딩박스/Bbox_1_new.zip,Bbox_0132/0702_09.xml,Bbox_0132/MP_SEL_018508.jpg,train,1920,1080,75.79,745.93,173.62,898.75,box,,,75.79,745.93,173.62,898.75,
827342360c57af94,aihub189_bbox_scooter_candidate,/home/ddobagi/Downloads/한이음 드림업 데이터셋/인도보행 영상/바운딩박스/Bbox_1_new.zip,Bbox_0088/0627_09.xml,Bbox_0088/MP_SEL_010132.jpg,val,1920,1080,1249.71,495.85,1320.30,605.31,box,,,1249.71,495.85,1320.30,605.31,
830a9914633d7560,aihub189_bbox_scooter_candidate,/home/ddobagi/Downloads/한이음 드림업 데이터셋/인도보행 영상/바운딩박스/Bbox_1_new.zip,Bbox_0065/0625_13.xml,Bbox_0065/MP_SEL_007095.jpg,train,1920,1080,1178.98,50.74,1252.90,140.30,box,,,1178.98,50.74,1252.90,140.30,
838126f209eac05a,aihub189_polygon_scooter_candidate,/home/ddobagi/Downloads/한이음 드림업 데이터셋/인도보행 영상/폴리곤세크멘테이션/Polygon_1_new.zip,Polygon_0261/P0919_27.xml,Polygon_0261/MP_TW_P001336.jpg,val,1920,1080,1680.95,446.62,1744.41,580.49,polygon,"1704.59,446.62;1717.53,446.62;1732.21,449.11;1743.41,452.35;1744.41,456.33;1743.16,458.32;1732.50,455.70;1728.90,458.40;1721.51,486.93;1718.53,519.03;1717.04,534.71;1720.52,534.71;1721.27,541.18;1722.26,551.13;1721.51,557.10;1718.28,562.58;1714.05,565.56;1709.57,567.31;1703.10,568.80;1703.10,574.52;1698.12,579.25;1691.41,580.49;1685.68,580.25;1681.45,575.27;1680.95,566.06;1683.69,557.85;1694.14,555.36;1702.35,505.85;1694.89,505.10;1694.64,499.62;1698.12,493.90;1700.36,492.16;1706.58,492.41;1709.07,494.15;1716.04,493.90;1721.51,451.10;1704.10,449.61",,1680.95,446.62,1744.41,580.49,
83bd6ee23a114a5a,aihub189_polygon_scooter_candidate,/home/ddobagi/Downloads/한이음 드림업 데이터셋/인도보행 영상/폴리곤세크멘테이션/Polygon_1_new.zip,Polygon_0148/P0916_04.xml,Polygon_0148/MP_KSC_P000568.jpg,train,1920,1080,1194.61,443.25,1385.81,835.69,polygon,"1293.50,452.89;1289.53,445.24;1280.75,443.25;1268.00,444.10;1261.76,449.20;1238.81,447.79;1220.68,456.00;1201.69,447.22;1196.31,452.60;1200.28,468.19;1239.66,460.54;1262.61,460.54;1263.18,478.95;1267.71,478.67;1276.78,556.02;1269.70,558.58;1268.56,569.91;1273.66,584.93;1286.16,724.79;1284.69,753.66;1271.48,772.28;1265.59,768.37;1247.00,764.94;1239.15,769.84;1235.24,775.22;1220.05,772.76;1201.95,767.38;1205.86,748.28;1196.08,744.85;1194.61,758.56;1202.94,775.22;1236.23,794.32;1235.98,802.79;1237.74,819.82;1243.63,832.74;1253.01,835.69;1261.25,835.69;1272.42,819.23;1300.02,818.66;1324.70,816.90;1340.56,811.61;1350.57,804.55;1347.62,821.58;1354.67,827.47;1363.49,831.58;1381.71,825.72;1385.81,802.79;1384.62,772.82;1379.92,766.95;1367.59,761.09;1355.84,761.09;1347.02,781.06;1329.40,758.14;1309.42,752.84;1298.26,666.47;1288.29,587.76;1294.15,573.65;1287.10,554.27;1282.39,470.23",,1194.61,443.25,1385.81,835.69,
84a025a6351b0e52,aihub189_polygon_scooter_candidate,/home/ddobagi/Downloads/한이음 드림업 데이터셋/인도보행 영상/폴리곤세크멘테이션/Polygon_1_new.zip,Polygon_0272/P0920_08.xml,Polygon_0272/MP_TW_P001882.jpg,val,1920,1080,1408.45,847.10,1435.05,870.00,polygon,"1414.95,847.10;1411.65,847.80;1408.45,860.00;1412.65,868.60;1435.05,870.00;1424.15,856.30;1420.55,852.70",,1408.45,847.10,1435.05,870.00,
87d4a9277a703197,aihub189_polygon_scooter_candidate,/home/ddobagi/Downloads/한이음 드림업 데이터셋/인도보행 영상/폴리곤세크멘테이션/Polygon_1_new.zip,Polygon_0299/P0921_07.xml,Polygon_0299/MP_TW_P003306.jpg,train,1920,1080,853.67,464.20,882.30,530.17,polygon,"871.47,467.96;882.30,469.50;881.83,471.94;868.30,470.60;867.32,481.78;864.55,504.25;864.38,508.74;864.73,514.96;869.39,519.80;873.89,519.80;878.03,514.44;881.14,516.17;882.01,521.70;879.59,527.06;875.79,526.19;874.06,523.26;864.04,523.43;862.65,529.13;858.68,530.17;855.74,523.60;860.58,512.02;864.04,469.86;853.67,470.21;854.19,467.44;863.86,467.27;865.90,464.20;870.60,464.33",,853.67,464.20,882.30,530.17,
8ab97d69ac7f0942,aihub189_polygon_scooter_candidate,/home/ddobagi/Downloads/한이음 드림업 데이터셋/인도보행 영상/폴리곤세크멘테이션/Polygon_1_new.zip,Polygon_0299/P0921_07.xml,Polygon_0299/MP_TW_P003339.jpg,train,1920,1080,1071.78,359.55,1102.48,423.78,polygon,"1071.78,361.44;1072.02,364.75;1086.42,363.09;1086.42,375.61;1085.24,375.61;1084.06,400.40;1085.95,400.87;1084.77,414.10;1082.88,416.93;1082.88,420.71;1085.00,423.78;1087.84,422.60;1089.02,418.82;1096.34,417.87;1097.04,420.94;1100.59,420.71;1101.53,417.40;1102.00,413.62;1101.53,410.79;1099.41,411.26;1096.81,415.75;1092.56,415.75;1088.54,409.37;1088.31,399.93;1089.96,400.17;1091.14,378.21;1089.49,376.08;1089.49,363.33;1102.48,362.38;1101.77,359.55",,1071.78,359.55,1102.48,423.78,
8e7b4e428931e7e6,aihub189_polygon_scooter_candidate,/home/ddobagi/Downloads/한이음 드림업 데이터셋/인도보행 영상/폴리곤세크멘테이션/Polygon_1_new.zip,Polygon_0211/P0918_07.xml,Polygon_0211/MP_SEL_215136_P008328.jpg,train,1920,1080,690.85,566.05,797.59,855.47,polygon,"690.85,589.11;723.17,588.62;728.06,588.62;729.04,586.17;735.41,587.64;733.94,675.77;730.51,740.40;727.57,743.83;724.64,777.61;714.84,782.51;712.89,788.39;712.89,794.26;713.86,798.18;714.35,804.05;714.84,808.95;714.84,816.29;712.40,823.15;712.40,827.56;714.84,830.49;718.27,830.49;721.70,851.55;724.15,855.47;731.00,854.98;740.30,846.16;750.59,835.39;761.36,827.56;773.11,816.78;778.50,810.42;780.45,808.46;784.86,812.87;795.14,819.72;797.59,819.23;792.21,810.42;790.25,802.59;792.21,792.30;792.69,789.37;795.63,790.83;796.61,786.43;797.10,778.10;797.10,769.29;792.69,757.54;790.25,755.58;786.82,753.62;779.96,752.15;773.60,764.88;770.17,775.17;768.70,779.08;768.21,779.57;758.91,782.51;746.67,790.83;746.67,782.02;749.95,774.68;759.89,762.73;762.73,752.84;761.31,742.90;757.05,737.27;749.95,731.30;740.89,728.16;747.26,589.55;749.71,586.12;776.64,586.61;793.28,585.63;789.85,578.29;767.33,576.33;755.58,575.84;749.71,571.92;746.28,566.05;728.16,567.03;727.18,576.33;719.35,577.31;718.37,579.76;690.95,577.80",,690.85,566.05,797.59,855.47,
91162dc8f8fcfd08,aihub189_polygon_scooter_candidate,/home/ddobagi/Downloads/한이음 드림업 데이터셋/인도보행 영상/폴리곤세크멘테이션/Polygon_1_new.zip,Polygon_0253/P0919_19.xml,Polygon_0253/MP_TW_P000949.jpg,train,1920,1080,1212.79,558.91,1270.09,639.34,polygon,"1212.79,559.91;1268.19,558.91;1270.09,561.81;1269.69,564.01;1267.89,566.01;1266.59,567.11;1260.09,565.71;1238.79,566.71;1239.76,624.34;1238.86,639.14;1231.86,639.34;1232.46,567.04;1213.36,567.04",,1212.79,558.91,1270.09,639.34,
993ac5be87918df3,aihub189_polygon_scooter_candidate,/home/ddobagi/Downloads/한이음 드림업 데이터셋/인도보행 영상/폴리곤세크멘테이션/Polygon_1_new.zip,Polygon_0298/P0921_06.xml,Polygon_0298/MP_TW_P003290.jpg,train,1920,1080,697.27,551.77,778.87,755.79,polygon,"697.27,565.04;731.27,556.53;741.47,551.77;748.95,554.15;767.65,552.11;767.65,555.51;744.87,559.94;740.45,567.42;741.13,586.46;747.59,600.74;750.99,608.22;754.73,629.98;755.41,644.60;752.35,656.16;756.09,691.52;761.19,696.62;775.13,720.42;778.87,736.75;776.15,742.53;775.81,751.37;773.09,754.77;768.67,755.79;764.59,752.05;762.55,739.47;749.63,729.60;743.85,742.87;739.43,741.85;741.13,740.15;743.17,740.15;748.61,727.56;744.53,715.32;745.55,694.24;748.61,690.50;745.21,674.18;740.11,666.02;739.09,651.06;742.50,647.70;733.65,596.32;729.23,561.64;697.95,569.46",,697.27,551.77,778.87,755.79,
9bdce308dc1f6c1c,aihub189_polygon_scooter_candidate,/home/ddobagi/Downloads/한이음 드림업 데이터셋/인도보행 영상/폴리곤세크멘테이션/Polygon_1_new.zip,Polygon_0294/P0921_02.xml,Polygon_0294/MP_TW_P003097.jpg,val,1920,1080,686.50,569.21,1019.06,921.23,polygon,"686.55,594.79;702.78,591.51;712.62,585.93;713.12,574.29;722.30,569.21;733.94,569.37;749.85,575.28;758.37,577.41;776.90,572.00;781.50,575.70;778.05,582.33;773.40,583.00;765.51,591.23;754.36,593.97;754.40,599.53;751.90,601.81;739.84,793.99;747.48,798.81;771.57,822.90;786.87,854.91;936.42,860.25;946.34,846.31;961.46,836.64;979.40,836.87;995.45,840.41;1008.21,850.08;1018.60,861.89;1018.83,870.16;1019.06,872.29;1009.39,870.63;1008.54,890.08;1001.16,903.85;985.74,911.23;970.33,911.07;958.19,905.66;949.67,894.01;903.43,892.54;898.51,917.95;896.54,921.23;893.92,909.92;893.42,893.85;791.91,892.03;766.65,879.73;757.31,887.60;753.37,899.74;746.88,905.03;729.99,908.31;715.89,901.75;705.23,892.08;700.31,870.60;702.93,857.64;717.53,842.72;706.38,844.85;704.90,841.74;722.84,835.10;721.66,829.59;711.82,819.18;709.46,805.78;711.82,795.74;727.56,771.75;733.83,701.46;735.84,660.54;729.32,649.20;727.33,601.89;702.13,610.10;696.46,604.15;698.16,597.35;686.50,599.40",,686.50,569.21,1019.06,921.23,
9fa1bcb3b0963016,aihub189_polygon_scooter_candidate,/home/ddobagi/Downloads/한이음 드림업 데이터셋/인도보행 영상/폴리곤세크멘테이션/Polygon_1_new.zip,Polygon_0271/P0920_07.xml,Polygon_0271/MP_TW_P001849.jpg,train,1920,1080,1047.89,742.40,1072.78,760.90,polygon,"1065.52,742.40;1053.77,742.40;1048.24,746.38;1049.62,748.45;1049.80,748.45;1047.89,756.57;1048.70,760.20;1067.10,760.90;1071.91,757.61;1072.78,753.98;1071.57,750.00",,1047.89,742.40,1072.78,760.90,
a0414f3ff87885d2,aihub189_bbox_scooter_candidate,/home/ddobagi/Downloads/한이음 드림업 데이터셋/인도보행 영상/바운딩박스/Bbox_1_new.zip,Bbox_0147/0702_24.xml,Bbox_0147/MP_SEL_021756.jpg,train,1920,1080,696.61,451.90,772.30,625.16,box,,,696.61,451.90,772.30,625.16,
a1cce4a95820e7a0,aihub189_bbox_scooter_candidate,/home/ddobagi/Downloads/한이음 드림업 데이터셋/인도보행 영상/바운딩박스/Bbox_1_new.zip,Bbox_0057/0625_05.xml,Bbox_0057/MP_SEL_006186.jpg,train,1920,1080,1040.82,311.02,1110.85,452.93,box,,,1040.82,311.02,1110.85,452.93,
a69031b724b778a3,aihub189_polygon_scooter_candidate,/home/ddobagi/Downloads/한이음 드림업 데이터셋/인도보행 영상/폴리곤세크멘테이션/Polygon_1_new.zip,Polygon_0149/P0916_05.xml,Polygon_0149/MP_KSC_P000638.jpg,train,1920,1080,445.31,436.85,548.31,656.60,polygon,"465.88,447.43;487.62,449.19;487.62,442.73;496.43,443.32;512.29,436.85;516.41,436.85;516.99,451.54;544.85,454.19;544.08,462.88;515.76,462.65;512.41,468.58;504.30,471.34;497.96,607.42;508.53,613.71;510.94,622.23;524.16,620.17;528.63,623.58;531.68,607.95;541.85,608.30;548.31,618.82;546.96,631.39;539.50,640.26;533.39,647.37;522.52,656.60;512.65,650.78;509.59,640.91;492.55,644.32;487.44,636.50;478.63,640.62;465.06,640.62;463.00,649.43;453.13,652.48;445.31,643.32;445.96,626.63;450.72,617.47;457.53,615.12;462.65,619.88;463.65,622.23;466.70,622.23;468.11,616.47;486.44,608.95;490.85,590.97;495.96,462.76;454.48,462.41;452.42,452.89",,445.31,436.85,548.31,656.60,
a762992b438bc4ab,aihub189_polygon_scooter_candidate,/home/ddobagi/Downloads/한이음 드림업 데이터셋/인도보행 영상/폴리곤세크멘테이션/Polygon_1_new.zip,Polygon_0278/P0920_14.xml,Polygon_0278/MP_TW_P002184.jpg,train,1920,1080,1018.72,406.51,1259.28,920.99,polygon,"1127.69,822.22;1201.56,878.60;1210.47,883.78;1218.57,902.03;1231.45,919.78;1240.09,920.99;1251.67,915.29;1259.28,899.74;1258.58,889.71;1257.20,870.19;1250.12,854.29;1252.36,847.20;1249.77,840.29;1242.34,831.31;1233.18,823.19;1222.30,822.32;1208.82,827.85;1162.85,799.17;1149.89,776.88;1133.65,749.23;1126.05,735.23;1118.96,734.54;1114.30,713.80;1110.84,708.10;1111.53,674.40;1119.65,674.23;1121.38,663.69;1122.00,648.92;1126.55,643.04;1122.84,639.92;1121.04,630.08;1124.39,621.08;1126.44,615.93;1126.95,607.52;1123.83,564.35;1123.73,554.65;1120.33,543.25;1114.73,536.86;1120.00,445.30;1132.84,443.39;1134.89,446.02;1142.20,446.14;1149.52,444.34;1189.25,444.94;1190.33,432.34;1148.44,433.15;1144.55,431.94;1142.35,427.75;1136.85,424.64;1131.14,423.04;1124.04,421.34;1117.92,411.10;1110.93,406.51;1097.02,406.51;1091.03,411.20;1091.82,429.10;1093.92,432.70;1092.91,433.71;1074.52,434.21;1074.32,429.71;1066.72,430.21;1061.52,433.00;1049.91,434.01;1018.72,434.01;1020.12,446.71;1066.32,445.80;1067.42,447.50;1073.03,447.91;1077.12,445.50;1092.91,444.71;1091.82,535.79;1084.60,548.88;1082.57,569.59;1082.44,601.87;1086.29,634.03;1086.04,641.23;1084.49,644.24;1085.09,654.91;1085.21,664.99;1083.41,666.43;1084.59,674.13;1093.08,673.83;1092.47,707.47;1091.50,744.19;1088.51,746.12;1084.55,776.00;1079.98,776.83;1080.11,788.11;1088.62,792.92;1089.95,809.23;1093.30,818.95;1097.98,821.72;1103.15,820.39;1110.35,803.72;1118.03,812.36;1121.87,817.87;1117.52,828.59;1117.52,831.29;1108.82,849.49;1101.52,849.29;1101.93,853.99;1109.63,853.50;1124.62,826.89",,1018.72,406.51,1259.28,920.99,
a7b97266e8c03266,aihub189_bbox_scooter_candidate,/home/ddobagi/Downloads/한이음 드림업 데이터셋/인도보행 영상/바운딩박스/Bbox_1_new.zip,Bbox_0094/0628_02.xml,Bbox_0094/MP_SEL_010839.jpg,train,1920,1080,933.34,419.57,963.94,489.96,box,,,933.34,419.57,963.94,489.96,
a7f0c5ab4c50bc03,aihub189_bbox_scooter_candidate,/home/ddobagi/Downloads/한이음 드림업 데이터셋/인도보행 영상/바운딩박스/Bbox_1_new.zip,Bbox_0103/0628_11.xml,Bbox_0103/MP_SEL_012220.jpg,train,1920,1080,42.90,726.80,197.10,906.69,box,,,42.90,726.80,197.10,906.69,
acf5ccf5d15c43f2,aihub189_bbox_scooter_candidate,/home/ddobagi/Downloads/한이음 드림업 데이터셋/인도보행 영상/바운딩박스/Bbox_1_new.zip,Bbox_0103/0628_11.xml,Bbox_0103/MP_SEL_012220.jpg,train,1920,1080,0.00,782.00,98.98,928.74,box,,,0.00,782.00,98.98,928.74,
b136bb08d46e3e2b,aihub189_bbox_scooter_candidate,/home/ddobagi/Downloads/한이음 드림업 데이터셋/인도보행 영상/바운딩박스/Bbox_1_new.zip,Bbox_0098/0628_06.xml,Bbox_0098/MP_SEL_011359.jpg,train,1920,1080,348.29,430.30,525.40,626.50,box,,,348.29,430.30,525.40,626.50,
b1ff2227a1c68566,aihub189_bbox_scooter_candidate,/home/ddobagi/Downloads/한이음 드림업 데이터셋/인도보행 영상/바운딩박스/Bbox_1_new.zip,Bbox_0027/0621_01.xml,Bbox_0027/MP_SEL_003028.jpg,train,1920,1080,1474.40,753.20,1612.93,1080.00,box,,,1474.40,753.20,1612.93,1080.00,
b4beb12e0b333a4a,aihub189_polygon_scooter_candidate,/home/ddobagi/Downloads/한이음 드림업 데이터셋/인도보행 영상/폴리곤세크멘테이션/Polygon_1_new.zip,Polygon_0278/P0920_14.xml,Polygon_0278/MP_TW_P002184.jpg,train,1920,1080,688.76,433.67,1038.09,842.84,polygon,"742.89,741.47;766.08,773.87;795.16,794.75;822.85,801.77;833.45,801.47;833.45,807.68;840.55,816.17;842.45,814.47;843.75,800.38;895.75,798.48;912.70,799.11;915.89,803.90;922.20,806.21;924.00,804.71;924.59,802.71;935.10,801.61;933.79,797.61;947.50,800.91;951.79,804.21;955.09,801.92;956.99,799.81;961.70,806.21;966.09,803.21;967.59,800.71;969.39,798.81;972.20,798.22;977.40,800.22;985.30,809.81;994.20,816.01;1013.19,818.12;1025.29,814.11;1031.40,805.42;1036.19,792.92;1038.09,782.51;1034.29,769.80;1031.90,763.51;1036.90,760.01;1024.20,746.10;1009.39,741.00;991.90,741.61;973.49,750.71;966.39,775.10;819.01,779.74;782.38,759.25;782.07,753.06;766.98,738.76;761.28,734.86;757.06,714.70;749.95,709.50;750.55,704.20;750.55,696.39;754.66,683.59;754.45,675.38;757.95,666.48;762.85,665.59;780.16,648.20;786.08,567.73;778.04,556.21;772.67,548.43;774.47,537.43;776.57,502.04;781.68,483.12;774.95,471.02;763.71,468.60;762.00,462.77;762.99,457.47;761.60,455.87;758.60,455.87;754.90,452.57;751.99,450.87;742.60,434.96;738.50,433.67;734.19,434.96;735.20,443.67;744.00,458.17;741.49,461.67;745.09,465.56;748.10,465.76;758.00,479.27;758.40,490.37;757.90,500.97;752.32,545.78;750.72,564.09;746.32,585.89;735.39,654.75;727.60,652.85;720.79,654.55;716.90,660.35;711.69,699.55;714.29,706.75;719.49,710.15;728.29,708.45;723.90,753.13;718.43,755.87;716.27,759.61;715.11,766.81;699.56,773.72;697.11,778.62;698.84,780.35;690.78,797.91;688.76,816.06;696.25,831.18;706.04,840.68;726.78,842.84;738.30,839.96;749.96,830.46;757.88,815.05;759.18,800.94;761.19,798.06;753.85,776.46;740.89,767.39;741.18,757.88",,688.76,433.67,1038.09,842.84,
b5f22bc42d108fa5,aihub189_polygon_scooter_candidate,/home/ddobagi/Downloads/한이음 드림업 데이터셋/인도보행 영상/폴리곤세크멘테이션/Polygon_1_new.zip,Polygon_0253/P0919_19.xml,Polygon_0253/MP_TW_P000950.jpg,train,1920,1080,1337.38,865.56,1455.41,991.18,polygon,"1383.05,865.56;1389.17,868.08;1394.57,870.24;1396.97,872.04;1399.37,879.24;1399.85,900.41;1400.33,904.85;1398.53,907.85;1401.17,918.89;1404.89,923.09;1407.29,928.37;1408.85,931.37;1417.61,937.25;1423.94,942.80;1427.05,934.40;1431.95,931.10;1434.35,930.61;1441.75,930.61;1447.85,934.70;1453.15,945.38;1455.41,961.28;1455.06,975.62;1451.42,984.26;1445.21,989.11;1438.46,989.63;1432.25,987.04;1429.82,983.40;1428.44,979.60;1426.02,970.79;1405.81,973.55;1379.89,975.11;1378.85,975.62;1372.63,988.76;1364.86,990.66;1355.00,991.18;1349.12,987.90;1344.80,983.23;1338.94,963.53;1337.38,950.92;1342.39,935.54;1355.52,930.88;1367.62,936.74;1376.09,929.15;1379.89,918.60;1378.50,905.12;1380.92,873.85",,1337.38,865.56,1455.41,991.18,
b8dd92b1c859bec9,aihub189_bbox_scooter_candidate,/home/ddobagi/Downloads/한이음 드림업 데이터셋/인도보행 영상/바운딩박스/Bbox_1_new.zip,Bbox_0136/0702_13.xml,Bbox_0136/MP_SEL_019572.jpg,train,1920,1080,507.07,575.49,579.23,658.11,box,,,507.07,575.49,579.23,658.11,
b900851d64c23a16,aihub189_bbox_scooter_candidate,/home/ddobagi/Downloads/한이음 드림업 데이터셋/인도보행 영상/바운딩박스/Bbox_1_new.zip,Bbox_0098/0628_06.xml,Bbox_0098/MP_SEL_011359.jpg,train,1920,1080,304.67,432.69,499.79,640.51,box,,,304.67,432.69,499.79,640.51,
b914a2d67b893e6e,aihub189_polygon_scooter_candidate,/home/ddobagi/Downloads/한이음 드림업 데이터셋/인도보행 영상/폴리곤세크멘테이션/Polygon_1_new.zip,Polygon_0272/P0920_08.xml,Polygon_0272/MP_TW_P001882.jpg,train,1920,1080,520.77,464.64,601.37,681.94,polygon,"522.02,479.04;529.66,476.59;534.98,474.14;543.91,474.86;545.78,473.42;548.81,473.42;570.55,470.98;570.70,465.22;574.73,466.51;577.46,470.40;599.78,464.64;601.37,469.97;600.50,471.84;569.11,479.04;574.01,510.72;575.59,524.26;584.23,539.52;590.28,575.23;591.29,586.75;589.53,601.07;595.33,632.79;600.10,643.78;598.65,653.32;595.54,656.43;590.15,654.98;576.87,664.31;573.14,677.37;564.85,681.94;559.25,674.68;555.32,640.67;557.39,635.48;562.27,632.26;569.27,634.66;572.37,641.86;576.27,638.97;576.67,609.96;581.16,605.26;576.47,579.96;575.97,570.36;573.37,562.26;573.27,545.47;568.48,539.66;567.67,522.66;563.27,500.65;560.37,478.77;539.17,481.56;537.27,486.07;533.27,487.87;526.78,487.46;527.08,483.76;520.77,483.56",,520.77,464.64,601.37,681.94,
ba88d4e216502583,aihub189_polygon_scooter_candidate,/home/ddobagi/Downloads/한이음 드림업 데이터셋/인도보행 영상/폴리곤세크멘테이션/Polygon_1_new.zip,Polygon_0298/P0921_06.xml,Polygon_0298/MP_TW_P003289.jpg,val,1920,1080,466.32,482.47,528.14,609.35,polygon,"466.32,492.38;499.75,484.17;512.79,482.47;514.49,484.17;495.78,488.13;498.62,505.70;504.77,512.56;509.47,545.85;506.41,551.97;510.43,574.64;518.93,582.69;524.12,585.04;527.18,592.12;528.14,603.23;526.47,607.71;521.99,609.35;519.39,606.29;518.23,603.23;509.24,601.11;506.64,600.85;504.06,607.71;502.87,607.23;505.48,597.31;502.39,592.12;503.58,576.31;502.64,564.02;496.97,561.66;496.72,548.69;501.23,547.98;495.08,526.24;494.37,510.89;491.05,491.31;467.68,495.30",,466.32,482.47,528.14,609.35,
bb9ce91326ff0f33,aihub189_bbox_scooter_candidate,/home/ddobagi/Downloads/한이음 드림업 데이터셋/인도보행 영상/바운딩박스/Bbox_1_new.zip,Bbox_0122/0701_13.xml,Bbox_0122/MP_SEL_015248.jpg,train,1920,1080,1147.10,433.01,1229.06,577.37,box,,,1147.10,433.01,1229.06,577.37,
bc5fe3750d06eaca,aihub189_bbox_scooter_candidate,/home/ddobagi/Downloads/한이음 드림업 데이터셋/인도보행 영상/바운딩박스/Bbox_1_new.zip,Bbox_0130/0702_07.xml,Bbox_0130/MP_SEL_017831.jpg,train,1920,1080,1332.15,710.87,1447.13,960.63,box,,,1332.15,710.87,1447.13,960.63,
bd005e04c4b7c02d,aihub189_bbox_scooter_candidate,/home/ddobagi/Downloads/한이음 드림업 데이터셋/인도보행 영상/바운딩박스/Bbox_1_new.zip,Bbox_0015/0620_01.xml,Bbox_0015/MP_SEL_001819.jpg,train,1920,1080,904.08,411.67,921.40,440.90,box,,,904.08,411.67,921.40,440.90,
be13ebe1507169fe,aihub189_bbox_scooter_candidate,/home/ddobagi/Downloads/한이음 드림업 데이터셋/인도보행 영상/바운딩박스/Bbox_1_new.zip,Bbox_0130/0702_07.xml,Bbox_0130/MP_SEL_017753.jpg,train,1920,1080,0.00,564.25,100.16,685.43,box,,,0.00,564.25,100.16,685.43,
bf64e21e73182b06,aihub189_polygon_scooter_candidate,/home/ddobagi/Downloads/한이음 드림업 데이터셋/인도보행 영상/폴리곤세크멘테이션/Polygon_1_new.zip,Polygon_0253/P0919_19.xml,Polygon_0253/MP_TW_P000949.jpg,train,1920,1080,1201.56,559.24,1206.46,568.74,polygon,"1201.56,560.34;1203.66,559.24;1205.96,560.04;1206.46,564.84;1205.76,568.44;1202.06,568.74;1201.86,563.84",,1201.56,559.24,1206.46,568.74,
bf87652ad2443701,aihub189_bbox_scooter_candidate,/home/ddobagi/Downloads/한이음 드림업 데이터셋/인도보행 영상/바운딩박스/Bbox_1_new.zip,Bbox_0127/0702_04.xml,Bbox_0127/MP_SEL_016982.jpg,train,1920,1080,538.16,589.61,764.78,1005.37,box,,,538.16,589.61,764.78,1005.37,
c095194a420e5eec,aihub189_bbox_scooter_candidate,/home/ddobagi/Downloads/한이음 드림업 데이터셋/인도보행 영상/바운딩박스/Bbox_1_new.zip,Bbox_0125/0702_02.xml,Bbox_0125/MP_SEL_016325.jpg,val,1920,1080,782.63,454.60,802.46,510.56,box,,,782.63,454.60,802.46,510.56,
c26cef530108834d,aihub189_polygon_scooter_candidate,/home/ddobagi/Downloads/한이음 드림업 데이터셋/인도보행 영상/폴리곤세크멘테이션/Polygon_1_new.zip,Polygon_0278/P0920_14.xml,Polygon_0278/MP_TW_P002182.jpg,train,1920,1080,1508.09,206.70,1568.86,297.95,polygon,"1520.24,288.77;1537.64,288.97;1550.44,277.67;1553.64,270.77;1550.74,213.18;1540.42,214.26;1540.66,211.98;1547.26,211.14;1551.94,206.70;1556.62,206.70;1560.46,211.50;1568.86,211.02;1568.50,212.70;1554.34,213.54;1555.38,255.35;1556.79,273.75;1557.69,281.15;1558.88,285.15;1560.58,292.35;1557.69,297.45;1554.19,297.95;1552.08,297.85;1550.98,293.35;1552.69,288.35;1551.69,285.55;1546.58,290.25;1543.29,291.45;1546.79,296.45;1545.58,297.05;1541.48,291.45;1519.99,291.85;1515.99,297.05;1511.38,297.65;1508.88,295.55;1508.09,292.25;1509.59,286.45;1510.59,282.45;1515.69,281.35;1518.69,281.45;1520.79,284.55",,1508.09,206.70,1568.86,297.95,
c48e78c57dbdadf1,aihub189_polygon_scooter_candidate,/home/ddobagi/Downloads/한이음 드림업 데이터셋/인도보행 영상/폴리곤세크멘테이션/Polygon_1_new.zip,Polygon_0298/P0921_06.xml,Polygon_0298/MP_TW_P003292.jpg,train,1920,1080,425.38,456.16,492.60,614.41,polygon,"456.14,466.87;425.38,464.97;425.56,460.82;457.01,462.55;457.35,456.16;465.65,457.02;465.65,462.90;492.60,464.97;492.26,467.56;463.92,467.91;462.88,495.73;464.26,495.73;458.35,577.12;461.96,577.84;464.26,596.42;469.31,606.93;471.47,608.08;468.01,608.52;463.26,600.45;461.24,602.04;458.94,602.74;457.64,603.33;457.07,608.52;456.35,613.11;451.89,614.41;449.73,613.27;450.44,603.19;447.71,602.04;445.55,599.29;447.57,595.40;444.15,593.76;445.84,587.40;448.83,576.84;451.72,576.95",,425.38,456.16,492.60,614.41,
c5a418b54a3c6ef6,aihub189_polygon_scooter_candidate,/home/ddobagi/Downloads/한이음 드림업 데이터셋/인도보행 영상/폴리곤세크멘테이션/Polygon_1_new.zip,Polygon_0272/P0920_08.xml,Polygon_0272/MP_TW_P001882.jpg,train,1920,1080,1436.97,820.26,1536.95,880.98,polygon,"1438.05,847.06;1470.55,848.16;1472.75,835.16;1486.45,822.16;1498.55,820.26;1517.25,823.06;1528.95,826.76;1534.65,835.56;1535.25,839.16;1527.55,839.36;1533.05,845.06;1536.95,856.96;1534.75,871.36;1529.75,878.86;1494.37,880.48;1480.47,880.98;1474.87,870.38;1457.37,869.28;1436.97,846.88",,1436.97,820.26,1536.95,880.98,
c5c1db82ef5d9560,aihub189_bbox_scooter_candidate,/home/ddobagi/Downloads/한이음 드림업 데이터셋/인도보행 영상/바운딩박스/Bbox_1_new.zip,Bbox_0127/0702_04.xml,Bbox_0127/MP_SEL_016820.jpg,train,1920,1080,981.37,467.86,1032.05,543.22,box,,,981.37,467.86,1032.05,543.22,
c645427bb86c80f1,aihub189_bbox_scooter_candidate,/home/ddobagi/Downloads/한이음 드림업 데이터셋/인도보행 영상/바운딩박스/Bbox_1_new.zip,Bbox_0134/0702_11.xml,Bbox_0134/MP_SEL_019104.jpg,train,1920,1080,600.76,424.17,733.72,610.67,box,,,600.76,424.17,733.72,610.67,
c6dca1b114416d1b,aihub189_polygon_scooter_candidate,/home/ddobagi/Downloads/한이음 드림업 데이터셋/인도보행 영상/폴리곤세크멘테이션/Polygon_1_new.zip,Polygon_0149/P0916_05.xml,Polygon_0149/MP_KSC_P000619.jpg,train,1920,1080,1221.99,469.56,1278.77,584.14,polygon,"1266.53,469.56;1223.01,476.02;1221.99,484.52;1241.37,479.76;1248.17,529.40;1250.55,562.72;1248.85,563.40;1241.37,561.02;1235.93,561.70;1230.83,565.10;1225.05,569.86;1225.05,573.94;1236.95,578.70;1240.69,582.10;1247.15,581.42;1249.53,576.32;1261.09,579.38;1269.93,584.14;1278.77,583.12;1278.77,569.86;1275.37,565.44;1256.67,561.36;1248.17,479.42;1261.43,478.74;1267.89,477.38",,1221.99,469.56,1278.77,584.14,
c729290341ec9bdb,aihub189_polygon_scooter_candidate,/home/ddobagi/Downloads/한이음 드림업 데이터셋/인도보행 영상/폴리곤세크멘테이션/Polygon_1_new.zip,Polygon_0148/P0916_04.xml,Polygon_0148/MP_KSC_P000567.jpg,train,1920,1080,689.81,434.72,775.19,581.07,polygon,"721.12,436.61;739.30,434.72;750.63,444.64;748.75,444.17;741.43,443.46;744.05,481.29;746.41,550.05;753.44,551.79;764.61,553.56;775.19,559.44;773.42,567.66;773.16,575.17;768.91,578.48;763.72,578.00;757.34,570.68;753.33,572.10;747.66,576.11;737.03,575.17;733.26,580.36;723.57,581.07;718.62,573.04;705.39,570.45;703.03,573.99;691.23,569.98;689.81,560.77;693.11,564.78;701.38,565.25;720.50,561.00;724.99,554.86;733.26,557.93;736.56,553.92;738.21,552.27;737.27,547.78;739.39,541.88;734.44,496.07;737.98,449.55;734.44,442.00;715.31,441.52",,689.81,434.72,775.19,581.07,
c884e6445c3ec1d6,aihub189_bbox_scooter_candidate,/home/ddobagi/Downloads/한이음 드림업 데이터셋/인도보행 영상/바운딩박스/Bbox_1_new.zip,Bbox_0076/0626_11.xml,Bbox_0076/MP_SEL_008728.jpg,val,1920,1080,1421.07,515.28,1469.10,609.58,box,,,1421.07,515.28,1469.10,609.58,
ce888a4bedaaee08,aihub189_polygon_scooter_candidate,/home/ddobagi/Downloads/한이음 드림업 데이터셋/인도보행 영상/폴리곤세크멘테이션/Polygon_1_new.zip,Polygon_0299/P0921_07.xml,Polygon_0299/MP_TW_P003317.jpg,train,1920,1080,125.25,473.40,398.29,772.28,polygon,"207.20,497.54;222.84,506.38;222.84,511.14;199.38,505.36;189.52,551.94;207.88,573.37;200.06,633.21;177.96,649.53;171.50,687.27;219.44,727.39;344.57,731.81;352.39,717.53;368.37,710.39;388.43,710.73;395.91,715.83;388.77,722.97;398.29,732.16;394.55,750.52;381.63,760.72;360.21,759.70;353.07,751.54;348.65,744.06;236.44,748.14;225.22,771.26;233.72,747.80;206.52,742.36;182.04,722.97;171.16,713.45;168.10,704.61;164.36,722.29;179.32,735.22;177.62,750.86;169.12,765.14;149.06,772.28;137.83,771.60;125.25,750.52;133.75,735.56;148.38,711.07;183.40,499.58;157.90,490.06;158.24,477.14;159.26,474.42;204.82,473.40;209.92,480.20;208.90,491.42",,125.25,473.40,398.29,772.28,
cf31ac3f282b3615,aihub189_bbox_scooter_candidate,/home/ddobagi/Downloads/한이음 드림업 데이터셋/인도보행 영상/바운딩박스/Bbox_1_new.zip,Bbox_0098/0628_06.xml,Bbox_0098/MP_SEL_011359.jpg,train,1920,1080,368.94,429.23,546.60,618.60,box,,,368.94,429.23,546.60,618.60,
d39b1cae308f5170,aihub189_bbox_scooter_candidate,/home/ddobagi/Downloads/한이음 드림업 데이터셋/인도보행 영상/바운딩박스/Bbox_1_new.zip,Bbox_0086/0627_07.xml,Bbox_0086/MP_SEL_009938.jpg,train,3328,1872,737.20,891.75,778.04,983.10,box,,,737.20,891.75,778.04,983.10,
d4137cc9f271e5d8,aihub189_polygon_scooter_candidate,/home/ddobagi/Downloads/한이음 드림업 데이터셋/인도보행 영상/폴리곤세크멘테이션/Polygon_1_new.zip,Polygon_0271/P0920_07.xml,Polygon_0271/MP_TW_P001849.jpg,train,1920,1080,1078.76,756.05,1087.74,760.37,polygon,"1082.21,756.05;1087.74,756.57;1087.74,760.37;1078.76,759.34",,1078.76,756.05,1087.74,760.37,
d416b06415aa92dd,aihub189_bbox_scooter_candidate,/home/ddobagi/Downloads/한이음 드림업 데이터셋/인도보행 영상/바운딩박스/Bbox_1_new.zip,Bbox_0093/0628_01.xml,Bbox_0093/MP_SEL_010694.jpg,val,1920,1080,344.37,662.50,524.64,912.70,box,,,344.37,662.50,524.64,912.70,
d4ed21744d3e8365,aihub189_bbox_scooter_candidate,/home/ddobagi/Downloads/한이음 드림업 데이터셋/인도보행 영상/바운딩박스/Bbox_1_new.zip,Bbox_0104/0628_12.xml,Bbox_0104/MP_SEL_012309.jpg,train,1920,1080,697.79,434.30,752.79,532.90,box,,,697.79,434.30,752.79,532.90,
d5bfe9faafecc42f,aihub189_bbox_scooter_candidate,/home/ddobagi/Downloads/한이음 드림업 데이터셋/인도보행 영상/바운딩박스/Bbox_1_new.zip,Bbox_0017/0620_03.xml,Bbox_0017/MP_SEL_002082.jpg,train,1920,1080,744.91,423.87,764.57,466.37,box,,,744.91,423.87,764.57,466.37,
d8c6d4e40ccdf3a1,aihub189_bbox_scooter_candidate,/home/ddobagi/Downloads/한이음 드림업 데이터셋/인도보행 영상/바운딩박스/Bbox_1_new.zip,Bbox_0142/0702_19.xml,Bbox_0142/MP_SEL_020537.jpg,train,1920,1080,1357.73,656.27,1759.03,1080.00,box,,,1357.73,656.27,1759.03,1080.00,
dbb307b42c62b423,aihub189_polygon_scooter_candidate,/home/ddobagi/Downloads/한이음 드림업 데이터셋/인도보행 영상/폴리곤세크멘테이션/Polygon_1_new.zip,Polygon_0272/P0920_08.xml,Polygon_0272/MP_TW_P001851.jpg,val,1920,1080,96.52,501.27,368.96,968.61,polygon,"365.16,816.00;368.16,824.30;368.96,834.10;364.66,852.00;356.36,864.90;347.06,871.50;330.16,872.00;322.16,861.10;278.76,879.10;251.66,891.50;250.76,894.40;252.36,903.00;255.26,914.20;258.96,927.50;262.06,928.90;264.36,930.50;262.86,932.70;260.76,932.70;255.26,932.70;252.86,927.50;243.16,894.80;229.26,899.10;207.26,900.00;185.66,896.50;175.96,892.40;168.36,883.90;165.16,884.20;161.26,884.70;162.16,886.30;171.76,893.10;178.26,902.70;181.96,913.30;182.86,920.20;181.46,923.10;178.46,923.50;177.06,934.80;171.66,946.10;168.16,950.70;158.66,958.80;150.76,963.20;138.86,967.10;129.42,968.61;120.42,968.21;106.72,959.91;99.92,951.71;97.02,943.71;96.52,934.11;96.62,929.51;98.92,921.61;103.82,911.51;111.02,903.51;106.82,900.21;113.22,895.21;121.32,889.61;126.32,886.81;128.02,879.81;133.52,876.71;134.82,873.11;134.22,871.01;136.92,864.01;137.82,863.31;135.92,861.61;140.32,824.31;141.52,821.31;140.72,819.31;128.09,817.97;122.21,815.57;120.17,811.73;120.64,802.44;123.75,782.64;128.15,759.54;130.35,756.34;133.55,753.54;145.15,751.64;151.95,754.84;162.57,679.51;172.71,618.02;171.60,615.62;173.21,608.42;175.91,608.22;180.00,574.92;183.77,553.35;182.69,550.47;182.33,545.55;184.25,542.43;185.57,537.27;184.01,534.51;180.53,527.31;177.53,526.59;172.61,527.31;170.45,528.75;159.41,529.23;156.17,526.83;153.65,525.87;145.25,526.59;141.77,528.03;135.53,527.43;131.93,525.15;127.49,521.67;130.61,514.35;138.17,512.19;153.29,512.31;156.53,512.31;159.65,509.67;162.89,509.55;166.01,510.27;169.13,513.15;173.93,514.59;176.69,514.59;175.13,511.95;172.73,510.03;173.45,504.39;178.01,501.27;182.45,502.71;184.85,506.79;184.01,512.91;191.21,513.39;191.57,510.51;193.13,510.27;208.37,511.71;209.45,516.63;244.49,517.47;247.61,520.23;247.37,524.67;240.65,528.63;212.81,528.75;208.85,532.35;209.09,533.19;208.01,533.55;206.81,555.99;200.70,604.48;202.83,605.99;203.23,610.49;201.53,616.29;201.83,619.99;199.93,619.99;199.07,618.78;198.52,621.54;203.71,624.86;208.69,629.21;208.89,631.91;225.62,647.30;220.89,693.59;217.66,696.32;215.92,696.08;217.41,709.26;215.17,730.41;204.97,746.59;200.24,752.06;198.25,755.79;188.29,762.76;181.58,769.73;175.36,783.91;174.61,792.12;175.60,797.85;172.37,799.59;173.86,845.37;180.58,854.33;190.79,856.62;208.43,877.14;243.07,864.08;314.19,836.08;315.85,835.04;318.54,822.60;326.22,807.05;333.47,799.58;341.77,794.61;347.16,794.61;349.65,796.47;353.59,795.23;356.49,793.36;367.07,801.66;366.03,804.14;357.94,801.86;351.72,803.11;349.65,805.80;358.36,807.67;362.71,810.37",,96.52,501.27,368.96,968.61,
dcc9291e6e1f42ef,aihub189_bbox_scooter_candidate,/home/ddobagi/Downloads/한이음 드림업 데이터셋/인도보행 영상/바운딩박스/Bbox_1_new.zip,Bbox_0111/0701_02.xml,Bbox_0111/MP_SEL_013605.jpg,train,1920,1080,689.93,612.41,795.77,842.37,box,,,689.93,612.41,795.77,842.37,
df92a5d85c63733e,aihub189_bbox_scooter_candidate,/home/ddobagi/Downloads/한이음 드림업 데이터셋/인도보행 영상/바운딩박스/Bbox_1_new.zip,Bbox_0150/0704_01.xml,Bbox_0150/MP_SEL_022637.jpg,val,1920,1080,525.54,487.97,565.20,562.89,box,,,525.54,487.97,565.20,562.89,
e1242af2f5e06597,aihub189_bbox_scooter_candidate,/home/ddobagi/Downloads/한이음 드림업 데이터셋/인도보행 영상/바운딩박스/Bbox_1_new.zip,Bbox_0015/0620_01.xml,Bbox_0015/MP_SEL_001827.jpg,val,1920,1080,1117.14,558.04,1175.21,749.35,box,,,1117.14,558.04,1175.21,749.35,
e5c23c87484d3d09,aihub189_polygon_scooter_candidate,/home/ddobagi/Downloads/한이음 드림업 데이터셋/인도보행 영상/폴리곤세크멘테이션/Polygon_1_new.zip,Polygon_0266/P0920_02.xml,Polygon_0266/MP_TW_P001567.jpg,train,1920,1080,1456.89,713.73,1920.00,959.52,polygon,"1766.34,858.17;1762.42,886.57;1748.71,882.65;1721.29,885.59;1634.14,891.46;1616.02,893.91;1571.95,906.64;1542.58,896.85;1518.09,891.46;1477.94,891.46;1465.70,891.46;1465.21,898.32;1464.23,903.21;1456.89,905.17;1457.38,911.54;1461.79,915.46;1470.11,913.99;1476.48,911.05;1470.60,923.29;1470.11,928.19;1475.50,938.47;1495.08,948.26;1517.60,955.61;1547.96,959.52;1566.57,952.18;1576.36,938.47;1592.52,943.85;1617.00,948.75;1727.17,942.39;1733.53,944.34;1765.36,941.41;1768.30,931.12;1781.03,925.74;1783.96,916.43;1786.41,910.07;1787.39,905.17;1787.39,871.88;1797.18,875.80;1801.10,893.42;1797.18,909.09;1806.98,928.68;1814.81,935.53;1828.03,936.02;1842.72,940.92;1858.39,940.43;1873.57,935.04;1899.03,921.33;1910.78,900.28;1912.74,894.40;1914.70,888.53;1918.61,886.57;1920.00,842.99;1906.37,845.44;1896.58,856.21;1876.99,849.84;1856.92,852.78;1859.37,849.36;1854.47,845.93;1846.15,844.95;1836.84,848.38;1828.03,852.29;1816.28,858.17;1807.96,859.64;1775.64,838.09;1710.52,800.88;1694.36,788.15;1689.46,779.34;1652.74,756.33;1636.58,743.59;1625.81,731.84;1619.94,731.84;1615.04,727.44;1607.70,713.73;1602.80,720.58;1605.25,724.99;1607.70,729.40;1613.57,735.27;1622.39,739.68;1615.53,753.39;1574.40,726.95;1568.53,738.70",,1456.89,713.73,1920.00,959.52,
e6440b2877ef3507,aihub189_bbox_scooter_candidate,/home/ddobagi/Downloads/한이음 드림업 데이터셋/인도보행 영상/바운딩박스/Bbox_1_new.zip,Bbox_0127/0702_04.xml,Bbox_0127/MP_SEL_016961.jpg,train,1920,1080,237.68,330.44,264.08,367.55,box,,,237.68,330.44,264.08,367.55,
e913f3f598d1c65d,aihub189_bbox_scooter_candidate,/home/ddobagi/Downloads/한이음 드림업 데이터셋/인도보행 영상/바운딩박스/Bbox_1_new.zip,Bbox_0101/0628_09.xml,Bbox_0101/MP_SEL_011881.jpg,train,1920,1080,979.16,477.10,1011.35,550.41,box,,,979.16,477.10,1011.35,550.41,
e9cf22dbfcbcd6e4,aihub189_bbox_scooter_candidate,/home/ddobagi/Downloads/한이음 드림업 데이터셋/인도보행 영상/바운딩박스/Bbox_1_new.zip,Bbox_0047/0624_08.xml,Bbox_0047/MP_SEL_005059.jpg,train,3328,1872,1652.45,987.82,1716.54,1091.70,box,,,1652.45,987.82,1716.54,1091.70,
ee3e7c191db94624,aihub189_polygon_scooter_candidate,/home/ddobagi/Downloads/한이음 드림업 데이터셋/인도보행 영상/폴리곤세크멘테이션/Polygon_1_new.zip,Polygon_0272/P0920_08.xml,Polygon_0272/MP_TW_P001883.jpg,train,1920,1080,783.20,550.81,920.38,912.89,polygon,"915.90,561.01;890.80,561.51;888.00,560.11;885.60,560.31;883.90,558.31;874.00,558.11;873.60,559.81;872.10,560.01;872.30,558.31;863.20,557.91;861.40,559.91;839.60,559.31;840.10,555.71;839.20,552.91;835.60,550.81;827.50,551.21;826.00,552.71;821.40,553.61;818.20,558.61;817.00,558.81;797.80,558.61;785.50,558.31;783.20,559.81;784.40,563.51;814.80,564.71;817.64,568.75;819.44,568.65;824.04,571.35;837.54,575.85;839.64,589.35;838.94,615.05;839.34,624.55;839.37,627.37;836.13,627.13;832.65,632.53;834.93,635.65;837.21,638.17;836.30,647.49;832.10,649.41;832.10,654.33;830.30,656.61;827.06,662.37;832.58,668.13;830.90,674.37;829.10,680.13;828.26,695.72;828.74,711.21;831.02,719.96;833.06,725.72;833.54,753.69;833.30,770.25;833.18,775.17;835.82,771.81;837.38,769.17;840.02,770.37;839.66,783.81;842.06,789.08;842.78,823.29;838.58,825.33;833.54,852.33;836.06,856.41;837.74,858.57;836.66,868.65;833.30,872.61;833.66,884.25;840.38,887.37;839.28,895.09;843.42,910.30;852.75,912.89;861.05,909.78;862.43,886.62;870.21,879.54;868.13,869.86;865.02,868.31;865.02,862.26;873.49,862.26;879.02,868.14;884.72,882.48;888.87,885.93;895.09,887.32;895.26,880.58;887.31,878.68;875.39,847.92;865.35,829.63;864.34,826.46;866.65,822.29;872.55,822.86;873.56,817.82;871.97,791.04;866.07,787.58;861.32,790.46;858.58,792.91;857.43,791.04;862.76,786.29;864.91,762.04;862.15,758.80;863.95,748.96;862.98,700.96;864.31,651.16;861.55,647.68;862.08,636.80;864.38,630.80;856.28,625.00;857.68,587.70;857.68,576.90;881.68,574.00;894.28,571.60;910.78,568.40;920.38,566.80;920.28,560.50",,783.20,550.81,920.38,912.89,
ee654a6acc9f8ee3,aihub189_bbox_scooter_candidate,/home/ddobagi/Downloads/한이음 드림업 데이터셋/인도보행 영상/바운딩박스/Bbox_1_new.zip,Bbox_0047/0624_08.xml,Bbox_0047/MP_SEL_005069.jpg,train,3328,1872,1703.64,969.43,1798.90,1055.40,box,,,1703.64,969.43,1798.90,1055.40,
eef9d2ed65109e47,aihub189_bbox_scooter_candidate,/home/ddobagi/Downloads/한이음 드림업 데이터셋/인도보행 영상/바운딩박스/Bbox_1_new.zip,Bbox_0047/0624_08.xml,Bbox_0047/MP_SEL_005069.jpg,train,3328,1872,1142.57,945.51,1226.59,1076.88,box,,,1142.57,945.51,1226.59,1076.88,
efbf758fdcbe6ee9,aihub189_bbox_scooter_candidate,/home/ddobagi/Downloads/한이음 드림업 데이터셋/인도보행 영상/바운딩박스/Bbox_1_new.zip,Bbox_0093/0628_01.xml,Bbox_0093/MP_SEL_010694.jpg,train,1920,1080,1063.80,650.86,1109.46,701.00,box,,,1063.80,650.86,1109.46,701.00,
f21105cd9c86ed41,aihub189_bbox_scooter_candidate,/home/ddobagi/Downloads/한이음 드림업 데이터셋/인도보행 영상/바운딩박스/Bbox_1_new.zip,Bbox_0110/0701_01.xml,Bbox_0110/MP_SEL_013379.jpg,train,1920,1080,472.04,647.56,570.40,856.33,box,,,472.04,647.56,570.40,856.33,
f2df76afe5529f89,aihub189_bbox_scooter_candidate,/home/ddobagi/Downloads/한이음 드림업 데이터셋/인도보행 영상/바운딩박스/Bbox_1_new.zip,Bbox_0136/0702_13.xml,Bbox_0136/MP_SEL_019572.jpg,train,1920,1080,547.83,572.20,617.79,652.60,box,,,547.83,572.20,617.79,652.60,
f491d846a0246706,aihub189_polygon_scooter_candidate,/home/ddobagi/Downloads/한이음 드림업 데이터셋/인도보행 영상/폴리곤세크멘테이션/Polygon_1_new.zip,Polygon_0299/P0921_07.xml,Polygon_0299/MP_TW_P003341.jpg,val,1920,1080,1327.75,539.76,1351.86,595.56,polygon,"1343.83,579.60;1346.10,575.28;1350.67,577.32;1351.86,585.96;1350.18,595.44;1347.07,595.56;1343.94,593.16;1343.94,585.60;1334.94,584.04;1334.58,588.24;1330.02,588.48;1331.34,584.04;1327.75,579.72;1328.83,578.16;1332.18,563.52;1331.46,553.56;1330.26,539.76;1335.11,561.36;1333.61,563.56;1333.80,566.16;1339.50,565.86;1337.90,573.96;1334.51,580.26;1342.80,581.26",,1327.75,539.76,1351.86,595.56,
f6bdd8e861b8ab45,aihub189_polygon_scooter_candidate,/home/ddobagi/Downloads/한이음 드림업 데이터셋/인도보행 영상/폴리곤세크멘테이션/Polygon_1_new.zip,Polygon_0272/P0920_08.xml,Polygon_0272/MP_TW_P001882.jpg,train,1920,1080,1356.15,524.16,1696.55,932.58,polygon,"1695.25,864.58;1682.27,853.92;1669.29,848.86;1647.29,853.64;1634.44,862.53;1622.83,879.61;1622.15,879.61;1568.44,880.84;1481.45,881.38;1465.88,880.25;1433.16,844.04;1418.01,825.15;1435.51,766.12;1449.29,762.19;1462.28,750.17;1489.04,660.05;1479.60,651.99;1471.92,647.07;1487.07,589.03;1489.43,579.00;1492.78,561.08;1495.53,560.30;1524.06,566.79;1537.84,572.49;1542.75,570.73;1544.53,563.84;1541.18,561.67;1534.88,560.30;1506.75,550.26;1504.18,549.30;1509.10,547.12;1504.32,543.15;1488.87,539.33;1484.50,540.69;1462.91,536.32;1461.68,534.27;1460.73,531.54;1458.54,529.22;1451.98,529.08;1446.65,530.31;1429.57,525.53;1422.46,524.16;1417.00,526.35;1416.18,531.54;1423.83,536.46;1428.34,537.82;1443.92,542.74;1442.69,546.98;1450.20,549.30;1459.77,548.62;1472.48,554.36;1470.02,568.30;1470.43,570.07;1466.05,580.32;1455.26,617.76;1454.03,625.28;1449.52,626.10;1448.43,630.20;1451.43,632.52;1434.58,693.27;1419.47,746.88;1405.93,746.74;1398.29,751.06;1391.81,780.18;1387.66,784.12;1390.35,794.27;1393.06,804.64;1402.19,808.37;1393.06,845.70;1387.66,853.57;1382.06,854.20;1381.44,860.42;1366.73,869.96;1368.79,877.01;1357.80,898.37;1356.15,913.51;1362.37,924.08;1368.17,931.75;1382.89,932.58;1395.75,930.51;1415.86,906.05;1416.49,899.00;1422.51,897.75;1420.84,885.73;1416.49,873.28;1412.34,869.34;1407.98,859.81;1412.13,843.63;1423.95,855.24;1441.16,875.77;1471.26,900.88;1496.35,905.65;1574.94,904.82;1628.31,907.71;1631.55,907.96;1638.63,917.20;1651.83,927.88;1673.08,929.20;1689.75,915.39;1696.24,899.20;1695.99,874.96;1696.55,870.49",,1356.15,524.16,1696.55,932.58,
f794e65478369bf0,aihub189_polygon_scooter_candidate,/home/ddobagi/Downloads/한이음 드림업 데이터셋/인도보행 영상/폴리곤세크멘테이션/Polygon_1_new.zip,Polygon_0299/P0921_07.xml,Polygon_0299/MP_TW_P003317.jpg,train,1920,1080,256.60,464.22,491.11,728.86,polygon,"299.34,663.17;336.88,695.81;441.74,693.37;454.39,680.31;471.12,673.78;484.17,677.86;489.88,684.80;485.80,688.47;491.11,703.16;484.58,717.44;474.38,727.23;459.28,725.60;450.31,710.09;352.20,709.00;349.20,722.40;347.80,708.10;324.80,703.70;290.36,670.11;287.91,677.04;300.56,697.04;297.50,714.30;282.61,728.86;262.60,724.40;256.60,710.20;262.30,692.20;280.24,674.68;315.66,489.03;279.63,471.36;280.65,468.95;292.20,469.32;298.32,464.22;333.69,470.34;337.08,480.54;333.33,485.64;347.28,493.43;344.91,500.25;322.10,499.55;317.00,541.74;330.27,556.02;322.10,609.39;303.74,619.92;303.74,630.49;295.95,646.12;293.91,657.34",,256.60,464.22,491.11,728.86,
f9bf5baf0f623ada,aihub189_bbox_scooter_candidate,/home/ddobagi/Downloads/한이음 드림업 데이터셋/인도보행 영상/바운딩박스/Bbox_1_new.zip,Bbox_0018/0620_04.xml,Bbox_0018/MP_SEL_002155.jpg,train,1920,1080,1656.70,191.40,1720.00,256.00,box,,,1656.70,191.40,1720.00,256.00,
febd7525e85ac5f2,aihub189_bbox_scooter_candidate,/home/ddobagi/Downloads/한이음 드림업 데이터셋/인도보행 영상/바운딩박스/Bbox_1_new.zip,Bbox_0149/0702_26.xml,Bbox_0149/MP_SEL_022293.jpg,train,1920,1080,383.82,554.02,466.99,684.07,box,,,383.82,554.02,466.99,684.07,
